station,placed_km2,near_max_km2,raw_near_max_km2,half_m
2.279.0,0.0001,45.9561,45.9484,6000.0
2.284.0,41.0545,41.0585,41.0585,6000.0
2.303.0,0.0027,26.0640,26.0640,6000.0
3.22.0,24.5416,24.5576,24.5580,6000.0
12.70.0,54.3534,54.3747,54.3747,6000.0
12.178.0,0.0004,34.0661,34.0656,6000.0
12.188.0,0.0005,4.7055,4.7055,6000.0
19.80.0,15.1974,15.2031,15.2031,6000.0
19.96.0,0.0004,0.5976,0.5983,6000.0
20.2.0,36.1841,36.1891,36.1891,6000.0
20.11.0,0.0032,0.4485,0.4485,6000.0
22.16.0,33.9054,33.9114,33.9066,6000.0
22.22.0,16.3526,16.3627,16.3538,6000.0
38.1.0,28.7105,28.7121,28.7121,6000.0
41.8.0,0.1240,0.1255,0.1255,6000.0
48.5.0,0.0009,0.3545,0.3545,6000.0
62.15.0,0.1947,56.6582,56.8595,6000.0
73.21.0,22.0846,22.1053,22.1053,6000.0
73.27.0,0.0033,19.8215,19.8215,6000.0
79.3.0,0.0065,27.9398,27.9398,6000.0
83.6.0,0.0002,5.7060,5.7632,6000.0
83.12.0,36.4238,36.4259,36.4262,6000.0
87.10.0,0.0919,0.0937,0.0939,6000.0
88.11.0,0.6769,0.6787,0.6787,6000.0
109.9.0,0.0002,41.0008,41.0008,6000.0
112.8.0,31.1485,31.1534,31.1535,6000.0
122.11.0,63.6804,63.6824,63.6824,6000.0
122.14.0,49.8450,49.8510,49.8511,6000.0
122.17.0,0.0128,63.8824,63.9146,6000.0
124.2.0,38.4034,38.4213,38.4212,6000.0
139.35.0,0.0005,19.2614,19.2616,6000.0
150.1.0,5.8592,5.8667,5.8667,6000.0
196.11.0,0.0022,0.0574,0.0574,6000.0
200.4.0,0.0003,5.1791,5.1791,6000.0
205.6.0,38.2259,38.2283,37.7954,6000.0
212.10.0,3.5146,3.5197,0.1120,6000.0
234.18.0,6.2785,6.2803,6.2793,6000.0
237.1.0,22.5114,22.5154,22.5154,6000.0
311.6.0,0.0008,34.2526,34.2526,6000.0
