station,class,seeded_by,oracle,placed_count,nodes,monotone,drains,lowered_off_chain,simple,fine_area_m2,area_diff_m2,seed_inside,lake_above_p
2.11.0,match,lake,,,,,,,True,120262350.0,2.9802322387695312e-08,True,
2.32.0,match,lake,,,,,,,True,460716150.0,-1.1920928955078125e-06,True,
2.265.0,match,river,True,6234015,6234015,True,True,0,True,623401550.0,1.7881393432617188e-06,True,False
2.279.0,uncertain,river,True,1,1,False,False,0,True,50.0,0.0,True,False
2.284.0,uncertain,river,True,4609939,4609939,True,True,0,True,460993950.0,0.0,True,False
2.290.0,match,river,True,2527560,2527560,True,True,0,True,252756050.0,-1.1920928955078125e-06,True,False
2.303.0,uncertain,river,True,27,27,True,False,0,True,2650.0,2.257365849800408e-09,True,False
2.439.0,match,river,True,3743759,3743759,True,True,0,True,374376350.0,-6.556510925292969e-07,True,False
2.633.0,match,river,True,870213,870213,True,True,0,True,87021650.0,2.384185791015625e-07,True,False
3.22.0,uncertain,river,True,3304084,3304084,False,False,0,True,330409050.0,-1.7881393432617188e-07,True,False
6.10.0,close,river,True,76529,76529,True,True,0,True,7652950.0,5.681067705154419e-08,True,False
11.4.0,match,lake,,,,,,,True,6976650.0,-6.51925802230835e-09,True,
12.70.0,uncertain,river,True,5654513,5654513,False,False,0,True,565452150.0,-1.0728836059570312e-06,True,False
12.171.0,match,lake,,,,,,,True,81259550.0,8.642673492431641e-07,True,
12.178.0,uncertain,river,True,4,4,False,False,0,True,350.0,0.0,True,True
12.188.0,uncertain,river,True,5,5,False,False,0,True,450.0,4.231196726323105e-09,True,True
12.192.0,match,river,True,755908,755908,True,True,0,True,75590950.0,-1.4901161193847656e-07,True,False
12.193.0,match,river,True,516809,516809,True,True,0,True,51680950.0,8.940696716308594e-08,True,False
12.197.0,match,river,True,1840307,1840307,True,True,0,True,184030850.0,-6.556510925292969e-07,True,True
12.207.0,match,river,True,2731253,2731253,True,True,0,True,273125450.0,5.960464477539063e-08,True,False
12.215.0,miss,river,True,1580676,1580676,True,True,0,True,158067750.0,8.046627044677734e-07,True,False
15.21.0,match,river,True,1275066,1275066,True,True,0,True,127506650.0,3.129243850708008e-07,True,False
15.49.0,miss,river,True,1027077,1027077,True,True,0,True,102708050.0,6.556510925292969e-07,True,True
16.66.0,close,lake,,,,,,,True,6207450.0,2.0489096641540527e-08,True,
16.122.0,match,river,True,426880,426880,True,True,0,True,42688150.0,-4.3958425521850586e-07,True,False
16.127.0,match,river,True,456333,456333,True,True,0,True,45633350.0,7.748603820800781e-07,True,True
16.194.0,match,river,True,1189240,1189240,True,True,0,True,118924450.0,8.493661880493164e-07,True,False
18.10.0,match,river,True,2353144,2353144,True,True,0,True,235315950.0,1.9669532775878906e-06,True,False
18.11.0,match,river,True,19611,19611,True,True,0,True,1961150.0,9.546056389808655e-09,True,True
19.79.0,close,river,True,53304,53304,True,True,0,True,5330450.0,-1.955777406692505e-08,True,False
19.80.0,uncertain,river,True,151974,151974,False,False,0,True,15197350.0,-5.774199962615967e-07,True,False
19.82.0,match,river,True,88724,88724,True,True,0,True,8872450.0,-1.8067657947540283e-07,True,False
19.96.0,uncertain,river,True,4,4,False,False,0,True,350.0,0.0,True,True
19.104.0,match,river,True,654426,654426,True,True,0,True,65442550.0,9.313225746154785e-07,True,False
20.2.0,uncertain,river,True,2908825,2908825,False,False,0,True,290882950.0,4.76837158203125e-07,True,False
20.11.0,uncertain,river,True,32,32,False,False,0,True,3150.0,0.0,True,False
22.16.0,uncertain,river,True,1824048,1824048,False,False,0,True,182405150.0,9.238719940185547e-07,True,True
22.22.0,uncertain,river,True,2046431,2046431,False,False,0,True,204643650.0,2.9802322387695312e-08,True,False
24.8.0,match,lake,,,,,,,True,121237650.0,-5.066394805908203e-07,True,
24.9.0,match,lake,,,,,,,True,271756650.0,-8.940696716308594e-07,True,
26.29.0,close,lake,,,,,,,True,62788350.0,5.960464477539063e-08,True,
27.15.0,match,lake,,,,,,,True,60802650.0,2.682209014892578e-07,True,
35.9.0,close,lake,,,,,,,True,23781050.0,-3.166496753692627e-07,True,
35.16.0,match,lake,,,,,,,True,46198750.0,6.705522537231445e-08,True,
36.13.0,match,lake,,,,,,,True,33557350.0,1.1175870895385742e-07,True,
38.1.0,uncertain,river,True,1174879,1174879,True,True,0,True,117488050.0,1.9371509552001953e-07,True,False
41.8.0,uncertain,river,True,1240,1240,False,False,0,True,123950.0,-1.5599653124809265e-08,True,False
42.2.0,match,river,True,309808,309808,True,True,0,True,30980850.0,1.30385160446167e-07,True,False
48.1.0,match,lake,,,,,,,True,467715050.0,-8.344650268554688e-07,True,
48.5.0,uncertain,river,True,9,9,False,False,0,True,850.0,0.0,True,False
50.1.0,match,lake,,,,,,,True,232037350.0,1.6391277313232422e-06,True,
55.4.0,match,river,True,503362,503362,True,True,0,True,50336250.0,5.662441253662109e-07,True,False
62.18.0,match,lake,,,,,,,True,72305950.0,5.811452865600586e-07,True,
62.5.0,match,lake,,,,,,,True,1093627650.0,-4.76837158203125e-07,True,
62.10.0,match,lake,,,,,,,True,157822450.0,-8.940696716308594e-07,True,
62.14.0,match,lake,,,,,,,True,41450450.0,8.940696716308594e-08,True,
62.15.0,uncertain,river,True,1947,1947,True,False,0,True,194650.0,4.8603396862745285e-08,True,False
73.21.0,uncertain,river,True,255212,255212,False,False,0,True,25521150.0,-1.1548399925231934e-07,True,False
73.27.0,uncertain,river,True,33,33,False,False,0,True,3250.0,1.955504558281973e-08,True,False
76.5.0,match,lake,,,,,,,True,66823550.0,-4.3958425521850586e-07,True,
77.3.0,match,lake,,,,,,,True,110810350.0,8.791685104370117e-07,True,
79.3.0,uncertain,river,True,65,65,False,False,0,True,6450.0,-1.7571437638252974e-09,True,False
81.1.0,match,lake,,,,,,,True,7080350.0,-2.5704503059387207e-07,True,
82.4.0,match,lake,,,,,,,True,218457350.0,-5.364418029785156e-07,True,
83.2.0,miss,lake,,,,,,,True,19347950.0,1.341104507446289e-07,True,
83.6.0,uncertain,river,True,2,2,False,False,0,True,150.0,0.0,True,False
83.7.0,match,lake,,,,,,,True,65623450.0,2.980232238769531e-07,True,
83.12.0,uncertain,river,True,2069799,2069799,False,False,0,True,206979950.0,7.152557373046875e-07,True,True
84.20.0,match,lake,,,,,,,True,70518150.0,-4.470348358154297e-08,True,
85.4.0,match,lake,,,,,,,True,113881250.0,4.76837158203125e-07,True,
86.10.0,match,lake,,,,,,,True,162183350.0,8.940696716308594e-08,True,
86.12.0,match,river,True,239286,239286,True,True,0,True,23928550.0,-2.9802322387695312e-08,True,False
87.10.0,uncertain,river,True,919,919,False,False,0,True,91850.0,-8.085044100880623e-08,True,False
88.4.0,match,lake,,,,,,,True,235996350.0,2.6226043701171875e-06,True,
88.11.0,uncertain,river,True,6769,6769,False,False,0,True,676850.0,-1.5308614820241928e-07,True,False
88.30.0,match,lake,,,,,,,True,199923550.0,-5.960464477539062e-07,True,
97.1.0,match,lake,,,,,,,True,89454250.0,-7.450580596923828e-07,True,
98.4.0,match,river,True,1408380,1408380,True,True,0,True,140838150.0,-7.450580596923828e-07,True,False
101.1.0,match,river,True,406405,406405,True,True,0,True,40640550.0,7.599592208862305e-07,True,True
103.1.0,match,river,True,4396141,4396141,True,True,0,True,439614150.0,4.172325134277344e-07,True,False
104.23.0,match,river,True,661863,661863,True,True,0,True,66186250.0,1.7881393432617188e-07,True,False
105.1.0,miss,river,True,7468,7468,True,True,0,True,746750.0,-6.51925802230835e-09,True,False
109.9.0,uncertain,river,True,2,2,True,False,0,True,150.0,0.0,True,False
109.21.0,match,river,True,1375389,1375389,True,True,0,True,137538850.0,1.1920928955078125e-07,True,False
112.8.0,uncertain,river,True,882275,882275,False,False,0,True,88227650.0,-2.9802322387695312e-08,True,False
121.20.0,match,river,True,2837651,2837651,True,True,0,True,283765950.0,-2.384185791015625e-07,True,False
122.11.0,uncertain,river,True,6556317,6556317,False,False,0,True,655632150.0,-8.344650268554688e-07,True,False
122.14.0,uncertain,river,True,1689506,1689506,False,False,0,True,168951050.0,-9.834766387939453e-07,True,False
122.17.0,uncertain,river,True,128,128,False,False,0,True,12750.0,0.0,True,False
124.2.0,uncertain,river,True,6439185,6439185,True,True,0,True,643919150.0,-4.76837158203125e-07,True,False
127.11.0,match,lake,,,,,,,True,175372550.0,3.5762786865234375e-07,True,
128.9.0,match,lake,,,,,,,True,177720650.0,1.0728836059570312e-06,True,
133.7.0,match,lake,,,,,,,True,205418850.0,-1.4603137969970703e-06,True,
138.1.0,match,lake,,,,,,,True,239252350.0,-2.980232238769531e-07,True,
139.35.0,uncertain,river,True,5,5,False,False,0,True,450.0,0.0,True,False
140.2.0,match,lake,,,,,,,True,432255650.0,-1.4901161193847656e-06,True,
148.2.0,match,river,True,1098283,1098283,True,True,0,True,109828250.0,9.387731552124023e-07,True,True
150.1.0,uncertain,river,True,58592,58592,False,False,0,True,5859150.0,2.39349901676178e-07,True,False
151.13.0,match,lake,,,,,,,True,60542350.0,1.4901161193847656e-08,True,
151.15.0,match,river,True,6536785,6536785,True,True,0,True,653678650.0,-3.5762786865234375e-07,True,False
152.4.0,match,lake,,,,,,,True,527595050.0,-4.76837158203125e-07,True,
153.1.0,miss,river,True,27026,27026,True,True,0,True,2702550.0,-2.775341272354126e-07,True,False
168.3.0,match,river,True,267928,267928,True,True,0,True,26792750.0,-5.401670932769775e-07,True,True
172.8.0,match,lake,,,,,,,True,19994550.0,-2.7567148208618164e-07,True,
177.4.0,match,lake,,,,,,,True,29121950.0,-1.1548399925231934e-07,True,
178.1.0,match,lake,,,,,,,True,18945150.0,1.7881393432617188e-07,True,
185.1.0,match,lake,,,,,,,True,7761550.0,-3.91155481338501e-08,True,
186.2.0,match,lake,,,,,,,True,46863650.0,1.6391277313232422e-07,True,
189.3.0,match,river,True,855129,855129,True,True,0,True,85512850.0,2.682209014892578e-07,True,True
196.7.0,match,lake,,,,,,,True,54259050.0,-5.066394805908203e-07,True,
196.11.0,uncertain,river,True,22,22,False,False,0,True,2150.0,0.0,True,False
200.4.0,uncertain,river,True,3,3,False,False,0,True,250.0,0.0,True,False
205.6.0,uncertain,river,True,1111710,1111710,False,False,0,True,111171050.0,-2.086162567138672e-07,True,False
212.10.0,uncertain,river,True,35146,35146,False,False,0,True,3514550.0,2.337619662284851e-07,True,False
234.13.0,match,river,True,20773460,20773460,True,True,0,True,2077347050.0,-9.5367431640625e-07,True,False
234.18.0,uncertain,river,True,62785,62785,False,False,0,True,6278450.0,-2.4586915969848633e-07,True,False
237.1.0,uncertain,river,True,225114,225114,True,True,0,True,22511450.0,-2.123415470123291e-07,True,False
246.9.0,match,river,True,2514707,2514707,True,True,0,True,251470750.0,-4.470348358154297e-07,True,False
247.3.0,match,river,True,1281691,1281691,True,True,0,True,128169650.0,-6.556510925292969e-07,True,False
307.5.0,match,lake,,,,,,,True,352244250.0,1.1920928955078125e-07,True,
307.7.0,miss,river,True,783862,783862,True,True,0,True,78386250.0,-8.195638656616211e-07,True,False
308.1.0,match,lake,,,,,,,True,452161450.0,-3.5762786865234375e-07,True,
311.6.0,uncertain,river,True,8,8,False,False,0,True,750.0,0.0,True,False
313.10.0,match,river,True,3567475,3567475,True,True,0,True,356747950.0,-1.7881393432617188e-07,True,False
