station,name,class,match_by,refusal_message,refusal_cause,grid_tiles,placed_on,distance_m,uncertainty_m,elvid,objectid,lake,confluence_near,reach_up_m,reach_down_m,reach_fork,seeded_by,lake_rule,lake_number,lake_name,lake_distance_m,node_offset_m,chain_nodes,lowered_nodes,lowered_max_m,direction_ok,end_extended_m,end_closed,downstream_checked,a0,area_up,area_down,swing,largest_step,largest_step_at_m,checked_up_m,checked_down_m,drains,monotone,causes,nodes,fine_area_km2,reduced_area_km2,reference_area_km2,nve_area_km2,nve_in_ours,ours_in_nve,area_ratio,divide_offset_m,tiles,windows,seconds
2.11.0,Narsjø,match,overlap,,,,number,83.88739985248317,83.88739985248317,002-34-2695,12252329,True,True,776.3306466273291,101.61540857075659,False,lake,inside,245,Narsjøen,0.0,,,,,,,,,,,,,,,,,,,,1202624,120.2624,120.26235000000003,119.43316728412738,118.96,0.9820045817480306,0.9752108722260656,1.0069430689542034,75.65712719044674,1,4,7.874927542055957
2.32.0,Atnasjø,match,overlap,,,,number,93.77017017343661,93.77017017343661,002-34-6342,10794796,True,False,1000.0,193.77017017343655,False,lake,lake_line,126,Atnsjøen,21.22793855803282,,,,,,,,,,,,,,,,,,,,4607161,460.7162,460.71614999999883,463.30298175842563,463.3,0.9850701908239843,0.9905974654244848,0.9944166520392168,87.9260572384918,1,4,11.227210584038403
2.142.0,Knappom,refused,,"642878 nodes the request needs are in no tile: x 400260 to 400870, y 6684070 to 6787750 (EPSG:25833)",other,,number,13.111836396408124,30.0,002-34-18963,10794019,False,False,1000.0,130.0,False,river,,,,,,,,,,,,,,,,,,,,,,,,,,,1643.0200000660177,1643.02,,,,,,,7.111670917016454
2.265.0,Unsetåa,match,overlap,,,,number,0.9760843638022947,30.0,002-34-8500,12247278,False,False,1000.0,130.0,False,river,,,,,3.859150573446564,106,31,1.55072021484375,True,0.0,True,whole,623.4015,623.3978000000001,623.4047,5.935179815866209e-06,0.0027999999999792635,0.0,24.142135623731065,24.142135623731065,True,True,,6234015,623.4016,623.4015500000017,620.2048342413729,620.09,0.9944721039897143,0.9893644802964895,1.0051543709144697,75.75201472837466,4,5,95.8697244169889
2.279.0,Kråkfoss,uncertain,,,,,number,84.42445989106263,84.42445989106263,002-34-27081,12270469,False,False,1000.0,184.42445989106272,False,river,,,,,22.321923161272558,156,128,5.7990570068359375,True,492.842712474619,False,whole,0.0001,4.8888,0.00030000000000000003,2.0000000000000004,4.893300000000001,14.142135623731065,72.4264068711932,80.71067811865532,False,False,swing;chain_not_draining;chain_end_open,1,0.0001,5e-05,434.48432297692125,435.21,0.0,0.0,2.301579014746448e-07,3057.725352195334,1,1,1.2271808750228956
2.284.0,Sælatunga,uncertain,,,,,number,18.46222355132938,30.0,002-34-10309,12246912,False,False,1000.0,130.0,False,river,,,,,1.8949370969623682,104,37,22.703704833984375,True,0.0,True,whole,460.9939,0.0037,460.99670000000003,0.9999919738634286,460.989,0.0,28.28427124746213,24.142135623731065,True,True,swing,4609939,460.994,460.99395,457.5181306536385,457.52,0.9910874114303725,0.9836216957270594,1.0075972275489842,99.4413142948925,1,5,88.23023620800814
2.290.0,Brustuen,match,overlap,,,,number,14.255302567162506,30.0,002-34-6176,12244886,False,False,1000.0,130.0,False,river,,,,,5.926531325011185,105,12,0.27850341796875,True,0.0,True,whole,252.756,252.7553,252.91740000000001,0.0006385605089494003,0.15909999999999513,20.0,24.142135623731065,30.0,True,True,,2527560,252.7561,252.7560499999988,254.00549453562508,254.0,0.9890530101859839,0.9939435685231731,0.9950812302784662,40.75668998841668,2,4,21.40247274999274
2.303.0,Dombås,uncertain,,,,,number,8.781051415030445,30.0,002-34-8060,12240266,False,False,1000.0,130.0,False,river,,,,,7.974324549766816,105,26,2.30517578125,True,0.0,True,none,0.0027,0.0013000000000000002,0.0027,0.5185185185185185,0.0013000000000000002,-14.142135623731065,28.28427124746213,0.0,False,True,swing;downstream_unread;chain_not_draining,27,0.0027,0.0026500000000022573,493.8505390847133,493.62,0.0,0.0,5.467241171800871e-06,4122.958335316252,1,1,1.2968003749847412
2.439.0,Kvarstadseter,match,overlap,,,,number,21.045757005804663,30.0,002-34-17137,12243555,False,False,1000.0,130.0,False,river,,,,,14.953081395987263,116,110,1.20263671875,True,76.5685424949238,True,whole,374.3759,374.3747,374.3926,4.460757222891316e-05,0.013900000000035106,10.0,20.0,24.142135623731065,True,True,,3743759,374.3764,374.3763499999993,375.06234886435146,375.06,0.9899522823396665,0.9917606985910437,0.9981711071067826,58.695487831243746,2,4,21.57268333301181
2.633.0,Stortorp,match,overlap,,,,number,0.5551225317450287,30.0,002-34-31601,12228837,False,True,1000.0,130.0,False,river,,,,,5.266919720060976,115,98,3.5434341430664062,True,48.2842712474619,True,whole,87.02130000000001,87.02000000000001,87.0249,4.136918202775194e-05,0.002600000000001046,30.0,24.142135623731065,30.0,True,True,,870213,87.0217,87.02165000000024,87.19444663660835,87.19,0.9769066678899925,0.9788409097960623,0.9980188344181106,50.44241546832404,1,3,6.3042499590083025
3.22.0,Høgfoss,uncertain,,,,,number,40.323021951899186,40.323021951899186,003-19-1,10848183,False,False,1000.0,140.32302195189914,False,river,,,,,4.4471711866596015,144,110,1.6274147033691406,True,487.6955262170047,False,whole,330.40840000000003,330.40500000000003,330.4244,4.842491897894457e-05,330.4132,38.28427124746213,34.142135623731065,38.28427124746213,False,False,chain_not_draining;chain_end_open,3304084,330.4091,330.4090499999998,299.8053309899204,299.61549579,0.9916663497978376,0.899824187651006,1.102078801964694,239.27343320082906,1,5,94.00828979100334
6.10.0,Gryta,close,,,,,number,10.508073996224244,30.0,006-11-279,10918353,False,True,1000.0,130.0,False,river,,,,,2.9826007011827995,118,35,7.0919342041015625,True,10.0,True,whole,7.652900000000001,7.6497,7.6558,0.00041814214219453217,0.0023999999999997357,14.142135623731065,28.28427124746213,24.142135623731065,True,True,,76529,7.653,7.6529500000000565,7.061056773598107,7.03,0.9754301494016852,0.9000392003136025,1.083832101253628,61.018689544692386,1,2,1.1899317080387846
11.4.0,Elgtjern,match,overlap,,,,number,26.898093313469715,30.0,011-20-40,10853144,True,False,1000.0,130.0,False,lake,inside,5391,Elgstjerna,0.0,,,,,,,,,,,,,,,,,,,,69767,6.9767,6.976649999999993,7.084490303225127,6.63,0.9606030235873693,0.9754181776484584,0.9847850305933714,31.864449854240046,2,3,1.4383440420497209
12.70.0,Etna,uncertain,,,,,number,129.8350516754231,129.8350516754231,012-1-7014,12392197,False,True,1000.0,7.530810288836392,False,river,,,,,27.994534085738408,95,3,0.587066650390625,True,0.0,True,none,565.4513000000001,0.00030000000000000003,565.4513000000001,0.999999469450331,565.4512000000001,0.0,127.27922061357947,0.0,False,False,swing;downstream_unread;chain_not_draining,5654513,565.4522,565.4521499999989,568.5307644279793,568.53,0.987612113460088,0.9929898583823707,0.9945850521720195,64.46624909735486,4,5,51.00503841700265
12.171.0,Hølervatn,match,overlap,,,,number,1.723832552471404,30.0,012-1-7794,12441455,True,False,1000.0,130.0,False,lake,inside,7028,Hølervatnet,0.0,,,,,,,,,,,,,,,,,,,,812594,81.2596,81.25955000000087,79.44564565536658,79.4,0.9905671539590514,0.9684566500450408,1.022832646517876,66.71135323377595,1,3,2.4865994169958867
12.178.0,Eggedal,uncertain,,,,,number,31.991063030793537,31.991063030793537,012-1-12982,10800086,False,False,1000.0,131.9910630307936,False,river,,,,,6.411835213135224,106,86,3.8387603759765625,True,0.0,True,whole,0.0004,309.9655,309.96860000000004,774920.5,309.96750000000003,28.28427124746213,24.142135623731065,28.28427124746213,False,False,swing;chain_not_draining,4,0.0004,0.00035,310.5886915750426,310.59,1.2878789342286667e-06,1.0,1.2878768958764694e-06,2520.1454784579464,1,4,15.619966208003461
12.188.0,Langtjernbekk,uncertain,,,,,number,30.61661323156025,30.61661323156025,012-1-13455,12412052,False,False,1000.0,130.61661323156022,False,river,,,,,10.995658250031061,123,103,0.664764404296875,True,0.0,True,whole,0.0005,4.673500000000001,0.001,1.0,0.0005,24.142135623731065,24.142135623731065,24.142135623731065,False,False,swing;chain_not_draining,5,0.0005,0.0004500000000042312,4.673462961019596,4.67,0.0,0.0,0.00010698704668687829,394.238841877176,1,1,0.5171931249788031
12.192.0,Sundbyfoss,match,overlap,,,,number,5.60609498359909,30.0,012-1-15773,12447060,False,False,1000.0,130.0,False,river,,,,,7.485109783016846,101,87,0.38114166259765625,True,0.0,True,whole,75.5908,75.589,75.5916,2.381242161748401e-05,0.0011999999999972033,0.0,24.142135623731065,24.142135623731065,True,True,,755908,75.591,75.59094999999985,74.79538462665607,74.77,0.9902278388268594,0.9797885991718591,1.0106372255095053,34.75680328998286,2,3,5.450148165982682
12.193.0,Fiskum,match,overlap,,,,number,5.733846819897664,30.0,012-1-16665,12420164,False,False,1000.0,130.00000000000023,False,river,,,,,3.4768615212394294,108,33,0.9785537719726562,True,0.0,True,whole,51.6809,51.6783,51.683400000000006,5.0308721403865756e-05,0.0018000000000029104,10.0,24.142135623731065,20.0,True,True,,516809,51.681,51.68095000000009,51.53535498317784,51.54,0.9875052877917018,0.9846926336564695,1.0028261184359688,35.435045947491545,2,3,5.048353374993894
12.197.0,Grunke,match,overlap,,,,number,77.01239789167816,77.01239789167816,012-1-900,12434473,True,False,1000.0,177.01239789167812,False,river,,,,,16.652238976842632,110,86,0.3126220703125,True,0.0,True,whole,184.0307,184.017,184.05120000000002,0.00011139445755532544,0.015300000000024738,14.142135623731065,72.4264068711932,76.56854249492426,True,True,,1840307,184.0309,184.03084999999933,184.6911136976403,184.69,0.9890697452801788,0.9926077631528184,0.996425308806567,47.7876193310507,2,4,19.39549879200058
12.207.0,Vinde-elv,match,overlap,,,,number,0.6923360898617505,30.0,012-1-1892,12426319,False,False,1000.0,130.0,False,river,,,,,5.561325899132548,108,13,1.239990234375,True,0.0,True,whole,273.12530000000004,273.1068,273.1331,6.773447937637881e-05,0.017400000000009186,-14.142135623731065,24.142135623731065,20.0,True,True,,2731253,273.1255,273.12545000000006,269.8754212498437,269.88,0.9938245918787417,0.9820038773384396,1.012042885325031,59.556012279196494,2,4,24.88177891698433
12.215.0,Storeskar,miss,,,,,number,15.582245172562736,30.0,012-1-4422,12425884,False,False,1000.0,130.0,False,river,,,,,5.388297253369324,104,62,0.17950439453125,True,0.0,True,whole,158.0676,158.0666,158.2251,0.000996409131283064,0.15629999999998745,24.142135623731065,24.142135623731065,24.142135623731065,True,True,,1580676,158.0678,158.0677500000008,119.670521132374,119.67,0.987294827848427,0.747447614251606,1.3208582907828461,695.852220483342,1,4,18.491495832975488
15.21.0,Jondalselv,match,overlap,,,,number,17.244259155474655,30.0,015-18-6390,11453274,False,False,1000.0,130.0,False,river,,,,,5.949846848309272,105,90,1.03790283203125,True,0.0,True,whole,127.5066,127.50450000000001,127.51700000000001,8.156440529356272e-05,0.009500000000002728,14.142135623731065,30.0,24.142135623731065,True,True,,1275066,127.5067,127.5066500000003,126.76092003172442,126.87,0.9920582891754647,0.9862571927592825,1.0058833587519633,40.6997264268875,1,4,18.71472804201767
15.49.0,Halledalsvatn,miss,,,,,number,10.70691480014032,30.0,015-18-3128,11453116,False,False,1000.0,130.0,False,river,,,,,1.7114799493859159,121,103,0.4000244140625,True,0.0,True,whole,102.7077,102.4674,102.709,0.00233964931548467,0.23919999999999675,0.0,28.28427124746213,24.142135623731065,True,True,,1027077,102.7081,102.70805000000065,59.378105762720075,59.19,0.988212627427072,0.5713006082285623,1.7297301535759702,1066.037526203231,2,4,17.98687899997458
16.66.0,Grosettjern,close,,,,,number,10.1845628515177,30.0,016-35-10576,12014607,True,True,1000.0,130.0,False,lake,lake_line,12423,Grosettjønn,1.9532269183530528,,,,,,,,,,,,,,,,,,,,62075,6.2075,6.20745000000002,6.546689948329125,6.55,0.9357148309289367,0.9874184454289167,0.9481890923495323,35.38892288389675,1,2,0.771379541954957
16.122.0,Grovåi,match,overlap,,,,number,289.5189072114784,289.5189072114784,016-35-12787,12012638,False,True,1000.0,389.51890721147834,False,river,,,,,12.240493756486378,126,99,0.42132568359375,True,0.0,True,whole,42.688,41.6948,42.8325,0.023266491754122976,0.7558999999999969,0.0,287.98989873223366,283.84776310850384,True,True,,426880,42.6882,42.68814999999956,42.163795607095366,42.16,0.9861956751192461,0.9740092109763354,1.012437314652393,35.3900515882128,1,3,4.443301999999676
16.127.0,Viertjern,match,overlap,,,,number,11.720551243285346,30.0,016-35-9262,12011779,False,False,1000.0,130.0,False,river,,,,,1.8035107843635312,110,76,0.5645751953125,True,0.0,True,whole,45.633300000000006,45.6327,45.636,5.9167318602802335e-05,0.0015000000000000568,14.142135623731065,24.142135623731065,28.28427124746213,True,True,,456333,45.6334,45.633350000000775,46.72098026912421,46.72,0.9645754230359276,0.9875814644536677,0.9767218011510144,46.52027784679636,1,3,4.884949958999641
16.194.0,Kilen,match,overlap,,,,number,20.040461216777054,30.0,016-35-16415,12012649,False,False,1000.0,130.0,False,river,,,,,3.281644515379292,108,12,0.08001708984375,True,0.0,True,whole,118.924,118.9218,118.9255,1.8499209579243703e-05,0.0016999999999995907,0.0,24.142135623731065,30.0,True,True,,1189240,118.9245,118.92445000000085,118.08418195583387,118.08,0.9897404933370368,0.9827588091604337,1.0071162625700403,51.15151979550061,3,4,19.742524624976795
18.10.0,Gjerstad,match,overlap,,,,number,21.489479796005355,30.0,018-23-1,10922640,False,False,1000.0,130.0,False,river,,,,,6.462730178739188,101,79,1.9831733703613281,True,0.0,True,whole,235.3144,235.2958,235.3162,7.904318647729241e-05,0.01660000000001105,-14.142135623731065,24.142135623731065,24.142135623731065,True,True,,2353144,235.316,235.31595000000198,236.19737320571872,235.89,0.989536423112079,0.9932550272824627,0.996268488536699,36.6410618170597,4,4,24.423888166958932
18.11.0,Tjellingtjernbekk,match,overlap,,,,number,9.478128968677035,30.0,018-23-128,10920319,False,False,1000.0,130.0,False,river,,,,,12.881477399813537,111,74,1.450469970703125,True,10.0,True,whole,1.9611,1.9562000000000002,1.9628,0.002498597725766103,0.0047999999999999154,0.0,28.28427124746213,24.142135623731065,True,True,,19611,1.9612,1.9611500000000095,1.9540986644002094,1.9500000000000002,0.9654308361032984,0.9626249235162145,1.003634072183336,20.086698767253527,2,2,1.49123550002696
19.79.0,Gravå,close,,,,,number,49.095337502389086,49.095337502389086,019-13-1738,12274700,False,False,1000.0,149.09533750238916,False,river,,,,,1.9948634883183403,111,3,0.381927490234375,True,0.0,True,whole,5.3304,5.3277,5.3464,0.0030016509079994025,0.014100000000000001,44.142135623731065,40.0,44.142135623731065,True,True,,53304,5.3305,5.33044999999998,6.1474217053657,6.300560109999999,0.8244266111047808,0.9501360097551824,0.8671114908787435,100.36551874725069,1,2,1.2824466670281254
19.80.0,Stigvassåi,uncertain,,,,,number,7.190589880643876,30.0,019-13-4456,12283593,False,False,1000.0,130.0,False,river,,,,,7.757046053071632,95,56,0.74395751953125,True,24.14213562373095,True,whole,15.1974,15.192200000000001,0.001,0.0003421637911747101,0.0027999999999988034,0.0,24.14213562373095,24.142135623730837,False,False,chain_not_draining,151974,15.1974,15.197349999999423,14.48647104034982,14.48647104,0.9890648515056539,0.9427270454156632,1.0490753723021984,46.18038031772632,1,3,3.690159457968548
19.82.0,Rauåna,match,overlap,,,,number,6.759242778971199,30.0,019-13-3861,12278744,False,False,1000.0,130.0,False,river,,,,,4.514964683017364,108,24,0.9462890625,True,38.2842712474619,True,whole,8.8724,8.870700000000001,8.8744,0.00022541815066936695,0.0008999999999996788,-14.142135623731065,24.142135623731065,30.0,True,True,,88724,8.8725,8.87244999999982,8.907827800684514,8.9078278,0.9715911641898263,0.9756100309946464,0.9960340723378377,23.698112286811785,1,3,3.6403417920228094
19.96.0,Storgama ovf.,uncertain,,,,,number,4.275422171428927,30.0,019-13-3529,12277941,False,False,758.7325494754527,130.0,False,river,,,,,14.66972226351661,85,34,0.6209716796875,True,0.0,True,whole,0.0004,0.0014,0.0006000000000000001,0.5000000000000001,0.00010000000000000005,28.284271247461902,24.14213562373095,28.284271247461902,False,False,swing;chain_not_draining,4,0.0004,0.00035,0.5837834057410026,0.58378341,0.0005131713992473486,0.75,0.0006851856288930921,143.3538233789045,1,1,0.5005861249519512
19.104.0,Songedalsåi,match,overlap,,,,name,12.74028631284681,30.0,019-13-1009,10797302,False,False,1000.0,130.0,False,river,,,,,4.288617368578609,120,94,0.3704833984375,True,0.0,True,whole,65.4426,65.2793,65.44330000000001,0.002495316506373409,0.14220000000000255,0.0,24.142135623731065,24.142135623731065,True,True,,654426,65.4426,65.44255000000094,65.63408657190591,65.63346061,0.9902571087303619,0.9932077881991241,0.9970825133416593,24.994243326408164,3,3,5.45622525003273
20.2.0,Austenå,uncertain,,,,,number,15.468342075287776,30.0,020-65-1,11641750,False,False,1000.0,130.0,False,river,,,,,2.843443339928126,105,44,0.15606689453125,True,0.0,True,whole,290.8825,290.8757,290.8861,2.3377136816406498e-05,290.8821,0.0,20.0,24.142135623731065,False,False,chain_not_draining,2908825,290.883,290.88295000000045,277.20202094076694,277.2,0.9955017648060445,0.9486656146973181,1.0493538214938067,102.04874405425983,4,5,96.46220562502276
20.11.0,Tveitdalen,uncertain,,,,,number,32.53907611666022,32.53907611666022,020-65-2694,11639980,False,False,611.9062537149575,132.53907611666023,False,river,,,,,2.809918378906285,63,14,0.6576690673828125,True,0.0,True,whole,0.0032,0.41440000000000005,0.4439,137.71875,0.4152,10.0,24.14213562373095,20.0,False,False,swing;chain_not_draining,32,0.0032,0.00315,0.4388449592999902,0.44,0.0070727812000912615,0.96875,0.007291869103622337,167.8755999448646,1,2,0.7369594170013443
22.16.0,Myglevatn ndf.,uncertain,,,,,number,461.9398592628941,461.9398592628941,022-48-1774,11818660,True,False,1000.0,561.9398592628943,False,river,,,,,10.568484633060512,200,151,1.317657470703125,True,494.5584412271571,True,whole,182.40480000000002,0.0004,206.5427,0.9999978070752523,182.4171,153.13708498984852,456.98484809835065,459.41125496954555,False,False,swing;chain_not_draining,1824048,182.4052,182.40515000000093,182.18661796593005,182.2,0.9937547581684064,0.9925643567179006,1.0011997699749322,27.264871432948592,1,4,18.2867909159977
22.22.0,Søgne,uncertain,,,,,number,453.5302308880774,453.5302308880774,022-11-1,11816131,False,False,1000.0,553.5302308880773,False,river,,,,,4.891114045741598,179,174,21.95274642109871,True,495.2691193458119,False,whole,204.6431,204.4968,204.7555,0.0007149031655599263,204.7067,309.7056274847728,442.13203435596483,448.70057685089023,False,False,chain_not_draining;chain_end_open,2046431,204.6437,204.64365000000004,203.04491886910097,203.58,0.9654529604712325,0.9578965782968154,1.0078740267907405,102.13125579076033,1,5,67.32670091697946
24.8.0,Møska (Skolandsvatnet),match,overlap,,,,number,35.46762669048558,35.46762669048558,024-106-556,10880938,True,False,1000.0,135.46762669048553,False,lake,lake_line,11466,Skolandsvatnet,1.1128952935660383,,,,,,,,,,,,,,,,,,,,1212376,121.2377,121.23764999999949,120.91427412486881,121.41,0.9914497255773792,0.9887567975967871,1.0026748361801947,31.86514222020177,1,4,6.43638812500285
24.9.0,Tingvatn (Lygne),match,overlap,,,,number,164.7909747231236,164.7909747231236,024-106-1,10746896,True,True,1000.0,264.79097472312355,False,lake,inside,1232,Lygne,0.0,,,,,,,,,,,,,,,,,,,,2717564,271.7567,271.7566499999991,272.1919920525264,272.16,0.9934555853839815,0.9950260655947029,0.9984007903787177,24.48334148526023,3,4,9.986099499976262
26.29.0,Refsvatn,close,,,,,name,10.82529772761353,30.0,026-35-107,12074698,True,False,1000.0,130.0,False,lake,lake_line,21638,Refsvatnet,2.1804484143404363,,,,,,,,,,,,,,,,,,,,627876,62.7884,62.78835000000006,53.16795095028224,52.95,0.9926203496257503,0.8404004561352096,1.180944514087329,200.96672837112868,4,3,2.269090417015832
27.15.0,Austrumdal (Austrumdalsvatnet),match,overlap,,,,number,16.98894642520001,30.0,027-32-315,11786828,True,False,1000.0,130.0,False,lake,lake_line,1527,Austrumdalsvatnet,2.6892234451871633,,,,,,,,,,,,,,,,,,,,608024,60.8027,60.80265000000027,60.84822577278657,60.85,0.9877491182454975,0.9884297901244518,0.9992518142935413,28.00517588328353,2,3,2.7981202080263756
35.9.0,Osali (Botnavatnet),close,,,,,number,29.702893540507546,30.0,035-48-648,11958204,True,False,1000.0,130.0,False,lake,lake_line,24163,Botnavatnet,1.3143884729086148,,,,,,,,,,,,,,,,,,,,237808,23.7811,23.781049999999684,22.47785726996461,22.47785729,0.9865039789686264,0.932559889996678,1.057978957441678,67.61367529242133,1,3,1.526088125014212
35.16.0,Djupadalsvatn,match,overlap,,,,number,36.92025469444579,36.92025469444579,035-19-1,11958596,True,False,1000.0,136.9202546944457,False,lake,inside,24703,Djupadalsvatnet,0.0,,,,,,,,,,,,,,,,,,,,461986,46.1988,46.19875000000007,45.338115221670755,45.338115159999994,0.9859311798929896,0.9676333584422107,1.0189836911861272,47.40597164657192,2,4,5.1725719590322115
36.13.0,Grimsvatn,match,overlap,,,,number,4.282284817962605,30.0,036-43-1,12149335,True,False,1000.0,130.0,False,lake,inside,23710,Grimsvatnet,0.0,,,,,,,,,,,,,,,,,,,,335573,33.5574,33.55735000000011,34.36286465262623,34.41,0.9653038892704562,0.9884258017605655,0.9765600260406498,45.972360267263625,1,3,1.6860697499942034
38.1.0,Holmen,uncertain,,,,,number,11.464760477130481,30.0,038-42-197,10891495,False,True,415.8447029922051,5.142044764922275,False,river,,,,,8.16656903003858,45,8,4.153697967529297,True,14.142135623730951,True,partly,117.48790000000001,0.0002,117.48830000000001,0.9999982976970394,117.48590000000002,0.0,24.14213562373095,14.142135623730951,True,True,swing;downstream_unread,1174879,117.4881,117.4880500000002,116.66194414838044,116.88,0.991698982688213,0.9847124942866554,1.007081622526098,37.2911632969357,2,4,9.866432667011395
41.8.0,Hellaugvatn,uncertain,,,,,number,110.29666612607093,110.29666612607093,041-118-347,11233817,False,False,286.1163276121303,165.541544460441,False,river,,,,,4.2937205980214115,49,7,0.51092529296875,True,0.0,True,whole,0.124,0.0031000000000000003,0.00030000000000000003,0.975,0.12730000000000002,90.71067811865476,96.5685424949238,100.71067811865476,False,False,swing;chain_not_draining,1240,0.124,0.1239499999999844,27.536686801998925,27.49,0.004495622396769543,0.9983870967741936,0.004503083500626469,916.7611408207093,1,2,1.0437544580199756
42.2.0,Djupevad,match,overlap,,,,number,11.687447188253117,30.0,042-144-1,11417215,False,False,1000.0,130.0,False,river,,,,,6.259564168908776,110,69,1.9272384643554688,True,0.0,True,whole,30.980800000000002,30.98,31.0885,0.0034763466404998476,0.10729999999999862,14.142135623731065,24.142135623731065,28.28427124746213,True,True,,309808,30.9809,30.98085000000013,30.98918073753078,30.96495741,0.9882222731335529,0.9885348714853345,0.9997327861746035,22.24554863614792,1,3,3.7898377499659546
48.1.0,Sandvenvatn,match,overlap,,,,number,252.36231539556786,252.36231539556786,048-67-1238,10872681,True,False,1000.0,290.3710951300113,False,lake,lake_line,1701,Sandvinvatnet,2.51876232946252,,,,,,,,,,,,,,,,,,,,4677146,467.7151,467.71504999999917,469.6330210709142,470.22,0.9882879781005376,0.9923491886406918,0.9959161281578098,63.85577272015877,1,4,11.789619125018362
48.5.0,Reinsnosvatn,uncertain,,,,,number,129.08100696636532,129.08100696636532,048-67-591,10869787,False,False,1000.0,229.0810069663653,False,river,,,,,25.499883854642125,154,60,1.932861328125,True,495.9797974644666,False,partly,0.0009000000000000001,0.3462,0.0043,3.7777777777777772,0.011,-10.0,116.56854249492415,48.28427124746213,False,False,swing;downstream_unread;chain_not_draining;chain_end_open,9,0.0009,0.00085,120.25010404653757,120.5,7.484046507528119e-06,1.0,7.484401008515503e-06,1897.9362527138608,1,2,0.9313461249694228
50.1.0,Hølen,match,overlap,,,,name,32.109698108504034,32.109698108504034,050-1-1,10807705,True,False,1000.0,132.10969810850406,False,lake,lake_line,154600,,5.965056930483759,,,,,,,,,,,,,,,,,,,,2320369,232.0374,232.03735000000165,231.37721117698965,231.38,0.9879323847046153,0.9851317072161643,1.0028533009783118,54.60717237430407,3,4,7.271645208995324
55.4.0,Røykenes,match,overlap,,,,number,8.698874044951186,30.0,055-8-1,11778341,False,True,1000.0,130.0,False,river,,,,,4.958309720239472,113,95,0.3416328430175781,True,0.0,True,whole,50.336200000000005,50.3344,50.3415,0.00010529201648114687,0.002899999999996794,10.0,24.142135623731065,20.0,True,True,,503362,50.3363,50.33625000000057,50.15556910386529,50.09,0.9924277314895119,0.9888867477347362,1.0036034063487635,18.570172150788483,1,4,15.393181124993134
62.18.0,Svartavatn,match,overlap,,,,number,97.19853671922867,97.19853671922867,062-24-1,11866509,False,False,1000.0,197.19853671922874,False,lake,inside,26361,Svartavatnet,0.0,,,,,,,,,,,,,,,,,,,,723059,72.306,72.30595000000058,72.36234276226746,72.41,0.9913064387076982,0.99210024064393,0.9992213800698444,24.61961088458678,1,4,6.071338124980684
62.5.0,Bulken (Vangsvatnet),match,overlap,,,,number,282.1392000835107,282.1392000835107,062-17-1,10778058,True,False,1000.0,382.1392000835108,False,lake,lake_line,2085,Vangsvatnet,8.31494126466751,,,,,,,,,,,,,,,,,,,,10936273,1093.6277,1093.6276499999994,1091.3367349634382,1091.65,0.9963605538577643,0.9942580093755855,1.0020992283711943,36.97864387990119,4,5,50.45683750003809
62.10.0,Myrkdalsvatn,match,overlap,,,,number,397.84126049671886,397.84126049671886,062-17-1763,11872216,True,True,1000.0,73.83196914099244,False,lake,lake_line,2091,Myrkdalsvatnet,2.25440662288987,,,,,,,,,,,,,,,,,,,,1578225,157.8225,157.8224499999991,157.59422486912075,157.75,0.9915604210398069,0.9901047062364365,1.0014484993410693,34.68245135200675,1,4,8.33355850004591
62.14.0,Slondalsvatn,match,overlap,,,,number,15.443514112421502,30.0,062-17-55,11874042,True,False,1000.0,130.0,False,lake,inside,27292,Slondalsvatnet,0.0,,,,,,,,,,,,,,,,,,,,414505,41.4505,41.45045000000009,41.82147324827761,41.86,0.9788123333692,0.9875731293953028,0.9911295987571913,47.44700918920914,2,3,1.9283960420289077
62.15.0,Kinne,uncertain,,,,,name,11.801448187461768,30.0,062-17-59,10777966,False,False,1000.0,130.0,False,river,,,,,15.24647523670707,116,25,0.1579132080078125,True,0.0,True,whole,0.1947,0.00030000000000000003,0.2003,0.9984591679506934,0.1943,0.0,20.0,24.142135623731065,False,True,swing;chain_not_draining,1947,0.1947,0.1946500000000486,510.9302278578316,511.38,0.0002702943918904636,0.70929635336415,0.00038106964392440695,3229.5395271493826,1,6,78.9816608330002
73.21.0,Frostdalen,uncertain,,,,,number,14.720897417192834,30.0,073-28-111,11793496,False,False,1000.0,130.0,False,river,,,,,6.152906609314657,106,16,1.25189208984375,True,0.0,True,whole,25.5212,25.5151,0.0001,0.00023901697412347358,0.00590000000000046,-14.142135623731065,28.28427124746213,28.28427124746213,False,False,chain_not_draining,255212,25.5212,25.521149999999885,25.76867503545149,25.74,0.9723360655737705,0.9816779775245678,0.9903962840498775,48.99428587784169,1,3,4.273727333988063
73.27.0,Sula,uncertain,,,,,number,12.035042908411395,30.0,073-28-1,11789696,False,True,1000.0,130.0,False,river,,,,,12.453237525588936,105,13,0.8677978515625,True,0.0,True,whole,0.0033,30.213800000000003,0.0054,0.6363636363636365,0.0017000000000000001,14.142135623731065,24.142135623731065,28.28427124746213,False,False,swing;chain_not_draining,33,0.0033,0.003250000000019555,30.44111072334207,30.32,0.0,0.0,0.00010840603123819587,886.0038524317397,1,3,3.4132549590431154
76.5.0,Nigardsbrevatn,match,overlap,,,,number,37.13498100975744,37.13498100975744,076-65-104,11546723,True,True,1000.0,137.13498100975744,False,lake,lake_line,29369,Nigardsbrevatnet,3.788841514315879,,,,,,,,,,,,,,,,,,,,668236,66.8236,66.82354999999956,65.22783548232817,65.29,0.9813617840683652,0.9579025972859888,1.0244644714311295,107.6415967894712,1,3,1.9355094999773428
77.3.0,Sogndalsvatn,match,overlap,,,,number,25.521988676378292,30.0,077-102-1,10791538,True,False,1000.0,130.0,False,lake,lake_line,1605,Dalavatnet,8.612796214682202,,,,,,,,,,,,,,,,,,,,1108103,110.8104,110.81035000000088,111.51000098968477,110.93,0.9848150463135259,0.9910477716892999,0.9937261143980306,47.53757586317434,1,3,2.5711917500011623
79.3.0,Nessedalselv,uncertain,,,,,number,1.2906512272783242,30.0,079-35-1,11509359,False,False,1000.0,130.0,False,river,,,,,1.0549189609310874,114,69,0.71612548828125,True,14.142135623730951,True,whole,0.006500000000000001,30.096400000000003,30.1213,4633.046153846154,30.114700000000003,28.28427124746213,24.142135623731065,28.28427124746213,False,False,swing;chain_not_draining,65,0.0065,0.006449999999998243,30.166572394881726,30.0,0.0002088395482435931,0.9692307692307692,0.00021547028661111117,1158.4184271511288,1,3,2.944468665984459
81.1.0,Hersvikvatn (Hagevatnet),match,overlap,,,,number,200.52491552541878,200.52491552541878,081-219-4,10931254,True,False,1000.0,119.86754835015745,False,lake,lake_line,2536,Hagevatnet,14.440774582320403,,,,,,,,,,,,,,,,,,,,70803,7.0804,7.080349999999743,7.056246220246204,7.13,0.9685409817481011,0.9653126941980679,1.0034230352796494,22.62335049640378,1,2,0.6692465000087395
82.4.0,Nautsundvatn,match,overlap,,,,number,21.30087579480051,30.0,082-81-346,11623821,True,False,304.3538037803058,130.0,False,lake,lake_line,28684,Nautsundvatnet,1.4696491749557572,,,,,,,,,,,,,,,,,,,,2184566,218.4574,218.45734999999945,218.79918305413935,218.96,0.9928187034544537,0.9943961614484106,0.9984379143954355,25.633445919634006,2,4,8.491866583004594
83.2.0,Viksvatn (Hestadfjorden),miss,,,,,number,322.0089040146854,322.0089040146854,083-11-1,10756606,True,True,1000.0,422.0089040146854,False,lake,inside,1650,Hestadfjorden,0.0,,,,,,,,,,,,,,,,,,,,193479,19.348,19.347950000000136,507.9449889300692,508.13,0.037826859808958994,0.9930690510647096,0.03809073900060409,2960.2776041380425,1,2,1.5480048329918645
83.6.0,Byttevatn,uncertain,,,,,number,30.57528130194345,30.57528130194345,083-11-506,11370484,False,True,441.6931134797693,130.5752813019434,False,river,,,,,27.989081724474268,75,32,1.354583740234375,True,221.4213562373095,False,whole,0.0002,0.0002,0.057300000000000004,285.5,0.0572,24.14213562373095,24.14213562373095,24.14213562373095,False,False,swing;chain_not_draining;chain_end_open,2,0.0002,0.00015,104.47518498538354,104.54,1.914340901999146e-06,1.0,1.914330183076304e-06,1609.9242673168797,1,2,0.8445090840104967
83.7.0,Grønengstølsvatn,match,overlap,,,,number,131.53217679076394,131.53217679076394,083-11-1,11372177,True,False,1000.0,231.53217679076397,False,lake,lake_line,29590,Grøningsstølsvatnet,0.11693808677783085,,,,,,,,,,,,,,,,,,,,656235,65.6235,65.6234500000003,65.50743207644447,65.65,0.989082266162505,0.9873429487912104,1.0017718283235417,38.14517034793514,2,3,2.2639869999838993
83.12.0,Haukedalsvatn ndf.,uncertain,,,,,number,12.716936665525536,30.0,083-11-1,10756514,False,True,1000.0,130.0,False,river,,,,,1.2082930503014968,105,88,0.528564453125,True,0.0,True,whole,206.97990000000001,206.9479,0.0029000000000000002,0.00015460438429050689,0.030100000000004457,0.0,24.142135623731065,24.142135623731065,False,False,chain_not_draining,2069799,206.98,206.9799500000007,205.32021447477928,205.55,0.9949352230664329,0.9869557445163784,1.008083887548367,44.67183934358667,2,4,19.787184249958955
84.20.0,Holsenvatn,match,overlap,,,,number,118.17625120337222,118.17625120337222,084-66-749,11858406,True,True,1000.0,36.88649842410132,False,lake,inside,1736,Holsavatnet,0.0,,,,,,,,,,,,,,,,,,,,705181,70.5182,70.51814999999995,71.1657437828875,71.48,0.982946274512008,0.992020499672425,0.9909009061317053,35.01476471698891,1,3,2.5908029999700375
85.4.0,Straumstad (Solheimsvatnet),match,overlap,,,,number,40.11544969777637,40.11544969777637,085-68-1,10762660,True,False,1000.0,140.11544969777628,False,lake,lake_line,1761,Solheimsvatnet,0.4269469428793832,,,,,,,,,,,,,,,,,,,,1138812,113.8813,113.88125000000048,109.66663417181728,109.68,0.9873355278155176,0.9508154543371037,1.0384316146840022,108.29317069062603,2,3,2.676289374998305
86.10.0,Åvatn (Ommedalsvatnet),match,overlap,,,,number,38.492905469930044,38.492905469930044,086-182-308,11710268,True,False,420.65847836454185,108.08613439099867,False,lake,lake_line,1771,Ommedalsvatnet,0.10319960055823463,,,,,,,,,,,,,,,,,,,,1621834,162.1834,162.18335000000008,162.11674104842106,162.13,0.9917799853808835,0.991370880127066,1.0004111787046042,33.798581451411344,1,4,7.288797457993496
86.12.0,Skjerdalselv,match,overlap,,,,number,10.748659914289272,30.0,086-184-1,11710134,False,False,1000.0,130.0,False,river,,,,,4.024899034630565,103,19,0.7637939453125,True,0.0,True,whole,23.9286,23.808400000000002,23.93,0.005023277584146042,0.11839999999999762,-10.0,24.142135623731065,28.28427124746213,True,True,,239286,23.9286,23.92854999999997,23.660415123615323,23.66,0.9872269021222279,0.9761080882291484,1.0113347494109266,32.984773458426794,1,3,3.9475744999945164
87.10.0,Gloppenelv v/Bergheim,uncertain,,,,,number,92.70967291022616,92.70967291022616,087-1-509,11548454,False,True,1000.0,73.35688507533314,False,river,,,,,6.400078123243466,107,18,1.6451416015625,True,0.0,True,partly,0.09190000000000001,0.0021000000000000003,0.00030000000000000003,0.9771490750816104,0.0816,0.0,90.71067811865532,86.56854249492426,False,False,swing;downstream_unread;chain_not_draining,919,0.0919,0.09184999999991915,218.5029906501593,218.6,0.0003478219481141186,0.8269858541893362,0.00042058920899228894,2467.5003201938157,1,2,1.1748973749927245
88.4.0,Lovatn,match,overlap,,,,number,54.00203488850509,54.00203488850509,088-18-1,10753781,True,False,1000.0,154.00203488850502,False,lake,lake_line,1806,Lovatnet,2.370324966757169,,,,,,,,,,,,,,,,,,,,2359964,235.9964,235.99635000000262,234.88083852608972,234.88,0.9895708979688456,0.9848946848341754,1.0047494784202515,80.64698970904922,1,3,3.976468041946646
88.11.0,Strynsvatn,uncertain,,,,,number,222.40877223903232,222.40877223903232,088-25-481,11207485,False,False,1000.0,260.52714062770235,False,river,,,,,6.798830781423646,138,35,1.2324752807617188,True,164.8528137423857,False,whole,0.6769000000000001,0.6507000000000001,0.0005,0.03870586497266952,0.7263000000000001,177.27922061357958,221.42135623731065,221.42135623731065,False,False,chain_not_draining;chain_end_open,6769,0.6769,0.676849999999847,485.0841397062727,482.04,0.0013954258316430793,1.0,0.001395428018755417,3543.0346484098395,1,2,1.6804054160020314
88.30.0,Nordre Oldevatn,match,overlap,,,,number,115.49247795616319,115.49247795616319,088-14-1,10753790,True,False,1000.0,215.49247795616338,False,lake,inside,1805,Oldevatnet,0.0,,,,,,,,,,,,,,,,,,,,1999236,199.9236,199.9235499999994,201.6682461528617,201.67,0.9785949538695893,0.9871305838830433,0.9913489298085169,93.35660865534105,1,4,7.732578541035764
97.1.0,Fetvatn (Fitjavatnet),match,overlap,,,,number,20.098528719617274,30.0,097-136-1,10777522,True,False,1000.0,130.0,False,lake,lake_line,1955,Fitjavatnet,5.036664563626549,,,,,,,,,,,,,,,,,,,,894542,89.4543,89.45424999999925,89.04792157827838,89.05,0.9939178391708676,0.9893957026101596,1.0045635924401042,27.59355777210175,1,3,2.1767435840447433
98.4.0,Øye ndf.,match,overlap,,,,number,17.60840379408958,30.0,098-80-1,11468193,False,False,1000.0,130.0,False,river,,,,,6.229713184038727,100,66,1.658905029296875,True,0.0,True,whole,140.838,140.8184,140.83960000000002,0.00013916698618268475,0.019199999999983675,0.0,24.142135623731065,28.28427124746213,True,True,,1408380,140.8382,140.83814999999925,139.2214001984291,138.78,0.99542672196452,0.9840022096277856,1.0116131557308468,47.69033550049261,2,4,20.427465542044956
101.1.0,Engsetvatn,match,overlap,,,,number,3.3692655740739883,30.0,101-56-1,12155230,False,False,1000.0,130.0,False,river,,,,,4.288373741283573,120,106,2.5209732055664062,True,0.0,True,whole,40.6405,40.6391,40.641600000000004,3.444839507397405e-05,0.001100000000000989,0.0,24.142135623731065,24.142135623731065,True,True,,406405,40.6406,40.64055000000076,39.90986813093104,39.91,0.9886162604804073,0.970790293450392,1.0183095535838824,54.21403168281158,1,3,3.1648652920266613
103.1.0,Ulvåa v/Storhølen,match,overlap,,,,number,29.36337812539374,30.0,103-29-17,11606251,False,False,1000.0,130.0,False,river,,,,,4.826241385236907,106,34,6.52838134765625,True,14.142135623730951,True,whole,439.6141,439.52660000000003,439.6168,0.00019903820191385414,0.08639999999996917,0.0,28.28427124746213,24.142135623731065,True,True,,4396141,439.6142,439.6141500000004,435.3109349925209,435.51,0.9945845626265905,0.9848492155166962,1.0098854971505666,71.10812701705451,1,4,26.814799915999174
104.23.0,Vistdal,match,overlap,,,,number,10.752354228622853,30.0,104-20-1,11505828,False,False,1000.0,130.0,False,river,,,,,3.418774644712862,103,6,0.36600494384765625,True,0.0,True,whole,66.1863,66.1834,66.2288,0.0006421268449815744,0.04000000000000625,28.28427124746213,30.0,28.28427124746213,True,True,,661863,66.1863,66.18625000000019,66.50995629980328,66.5099563,0.9910179865796029,0.9958752793251776,0.9951337165469731,21.474094289039975,1,3,4.627695750037674
105.1.0,Osenelv v/Øren,miss,,,,,number,19.57183471926846,30.0,105-23-1,11396948,False,False,1000.0,130.0,False,river,,,,,2.374943446994048,113,49,0.20248031616210938,True,0.0,True,whole,0.7468,0.7312000000000001,0.7482000000000001,0.020889126941617497,0.014100000000000001,-10.0,20.0,30.0,True,True,,7468,0.7468,0.7467499999999935,138.13222275789616,137.59,0.004193032991901336,0.7755757900374933,0.005406414123291954,2051.5432402268607,1,2,1.0854394999914803
109.9.0,Driva v/Risefoss,uncertain,,,,,number,290.6228196581377,290.6228196581377,109-70-669,11177705,False,True,1000.0,0.0,False,river,,,,,29.629960234709525,101,6,2.79345703125,True,0.0,True,none,0.0002,0.0002,0.0002,0.0,0.0,0.0,-0.0,0.0,False,True,downstream_unread;chain_not_draining,2,0.0002,0.00015,744.3809774354833,745.99,2.68679650431654e-07,1.0,2.6867962248180145e-07,5192.520406010225,1,1,1.2036825830000453
109.21.0,Driva v/Svoni,match,overlap,,,,number,18.565951673459388,30.0,109-70-1,11178172,False,False,1000.0,130.0,False,river,,,,,5.971792825811123,106,20,0.30120849609375,True,0.0,True,whole,137.5389,137.5366,137.55620000000002,0.0001257825967781178,0.013599999999996726,20.0,24.142135623731065,30.0,True,True,,1375389,137.5389,137.5388500000001,135.96247985505423,135.96,0.9718098118447628,0.9606693088282661,1.0115945233319248,149.1289070924481,1,4,19.48004041594686
112.8.0,Rinna,uncertain,,,,,number,19.09230661804683,30.0,112-19-105,11556970,False,False,1000.0,130.0,False,river,,,,,5.312328886187497,136,44,2.8472900390625,True,340.41630560342617,True,whole,88.2275,87.3302,88.22850000000001,0.010170298376356593,88.22720000000001,0.0,20.0,24.142135623731065,False,False,chain_not_draining,882275,88.2277,88.22764999999997,87.8770104995972,87.83,0.9917520705170659,0.9878054171195667,1.003990685372762,36.392746870799535,1,4,14.863904875004664
121.20.0,Åmot,match,overlap,,,,number,39.675575115006495,39.675575115006495,121-36-2297,11577217,False,False,1000.0,139.6755751150065,False,river,,,,,14.3840570714426,103,89,0.8277740478515625,True,0.0,True,whole,283.7651,283.7629,283.77340000000004,2.924954478200362e-05,0.004700000000013915,30.0,34.142135623731065,30.0,True,True,,2837651,283.766,283.76594999999975,282.691536385141,282.67,0.9965954737205168,0.992790186280245,1.0038008340419333,24.48801716156528,4,4,22.853592375002336
122.11.0,Eggafoss,uncertain,,,,,number,3.9230484972591015,30.0,122-62-1,10788924,False,True,1000.0,130.0,False,river,,,,,17.460543343786703,106,34,1.920440673828125,True,0.0,True,whole,655.6317,655.6294,0.0002,3.50806710534449e-06,0.0016000000000531145,-10.0,24.142135623731065,28.28427124746213,False,False,chain_not_draining,6556317,655.6322,655.6321499999991,655.1767841112664,655.18,0.9941539818767638,0.993469814325776,1.000695103825071,49.999929100131446,2,5,107.72612837498309
122.14.0,Lillebudal bru,uncertain,,,,,number,1.4893995563590645,30.0,122-62-2066,12122445,False,True,1000.0,130.0,False,river,,,,,12.545658108464703,101,27,1.294525146484375,True,0.0,True,whole,168.9506,168.9462,0.0001,2.6043115561613607e-05,0.0033999999999991815,-14.142135623731065,24.142135623731065,24.142135623731065,False,False,chain_not_draining,1689506,168.9511,168.95104999999901,168.10881976569874,168.11,0.9927124273012424,0.9877591800230955,1.0050103274502504,44.19203794809864,1,4,19.23353229201166
122.17.0,Hugdal bru,uncertain,,,,,number,32.96640629756257,32.96640629756257,122-62-3574,10788957,False,False,1000.0,132.96640629756257,False,river,,,,,16.716531140176684,104,13,0.019012451171875,True,0.0,True,whole,0.0128,546.077,546.0783,42661.3671875,546.0589,24.142135623731065,24.142135623731065,24.142135623731065,False,False,swing;chain_not_draining,128,0.0128,0.01275,545.9113489507973,545.94,1.5203887798971632e-05,0.6484375,2.3447030409975334e-05,3708.715496739121,1,6,71.75933929200983
124.2.0,Høggås bru,uncertain,,,,,number,7.649248065984314,30.0,124-21-13,11615975,False,False,1000.0,130.0,False,river,,,,,11.317483693104137,104,20,0.7328262329101562,True,0.0,True,whole,643.9185,0.0013000000000000002,643.9356,0.9999979811109636,643.9169,-10.0,20.0,20.0,True,True,swing,6439185,643.9192,643.9191499999995,494.53208518751825,494.5,0.993865113792342,0.7632921956667855,1.3020776998844001,926.9760564567937,4,5,83.35499600000912
127.11.0,Veravatn,match,overlap,,,,number,154.99364920041708,154.99364920041708,127-67-1133,10865729,True,False,99.67575109453891,212.4845323578408,False,lake,inside,923,Veresvatnet,0.0,,,,,,,,,,,,,,,,,,,,1753726,175.3726,175.37255000000036,175.520038100353,176.13,0.9817717739959776,0.9825913512144999,0.9991599927737669,75.7512287027331,1,4,9.183888749976177
128.9.0,Leksdalsvatn,match,overlap,,,,number,461.4947825842992,461.4947825842992,128-15-255,10965665,True,False,1000.0,494.51581853449443,False,lake,inside,942,Leksdalsvatnet,0.0,,,,,,,,,,,,,,,,,,,,1777206,177.7207,177.7206500000011,178.3841248499464,178.38,0.9891704744910801,0.9928550810344546,0.9962809198940519,41.62388915765734,1,4,7.98828799999319
133.7.0,Krinsvatn (Kringsvatnet),match,overlap,,,,name,77.6160332048666,77.6160332048666,133-25-1,11215489,True,False,1000.0,177.61603320486665,False,lake,inside,67922,Kringsvatnet,0.0,,,,,,,,,,,,,,,,,,,,2054186,205.4189,205.41884999999854,205.66949062934435,206.61,0.9923829509574066,0.9935969864506139,0.9987815857929266,31.618671956081172,1,4,7.4566861250204965
138.1.0,Øyungen,match,overlap,,,,name,285.9653061948436,285.9653061948436,138-66-1,11192072,True,False,1000.0,385.9653061948436,False,lake,inside,679,Øyungen,0.0,,,,,,,,,,,,,,,,,,,,2392523,239.2524,239.2523499999997,238.92498376103026,239.41,0.9936067776945811,0.9922466817469752,1.0013703725488048,30.440848561314212,2,4,10.078608667012304
139.35.0,Trangen,uncertain,,,,,number,86.54329722354716,86.54329722354716,139-16-12494,11684627,False,True,1000.0,20.20798992229902,False,river,,,,,2.854206455995126,97,7,1.45941162109375,True,0.0,True,partly,0.0005,0.00030000000000000003,0.0002,0.39999999999999997,0.002,14.142135623731065,20.0,28.28427124746213,False,False,swing;downstream_unread;chain_not_draining,5,0.0005,0.00045,852.2699894781371,852.25,5.866589071248551e-07,1.0,5.866685512488368e-07,3547.806462809467,1,1,2.458104750025086
140.2.0,Salsvatn,match,overlap,,,,number,448.0850035745028,448.0850035745028,140-223-1,10989254,True,False,1000.0,548.0850035745029,False,lake,lake_line,723,Salsvatnet,11.99795491288537,,,,,,,,,,,,,,,,,,,,4322555,432.2557,432.2556499999985,432.1202213460407,431.9,0.9961876136553505,0.99586980576543,1.00031352074554,23.649607249992076,2,4,16.525097334000748
148.2.0,Mevatnet,match,overlap,,,,number,20.279178452454307,30.0,148-25-1,10754147,False,False,1000.0,130.0,False,river,,,,,4.293435955052098,116,97,1.6121950149536133,True,14.142135623730951,True,whole,109.8283,109.82600000000001,109.8289,2.094177912242188e-05,0.0014000000000038426,-10.0,24.142135623731065,24.142135623731065,True,True,,1098283,109.8283,109.82825000000093,108.90209748986895,108.47,0.99712295355953,0.988662302885504,1.0085049097444354,23.279992566351098,2,4,17.35313204099657
150.1.0,Sørra,uncertain,,,,,number,0.4503303427162908,30.0,150-70-1,11001166,False,False,1000.0,130.0,False,river,,,,,1.4500584396179559,88,56,3.8412227630615234,True,0.0,True,whole,5.8592,5.8518,0.0001,0.001262971054068903,0.0052000000000003155,0.0,24.14213562373095,28.284271247461902,False,False,chain_not_draining,58592,5.8592,5.8591500000002394,6.582545255299579,6.58,0.8558621527988817,0.9613257782632442,0.8901116168221985,100.69181074072456,1,2,1.03737233299762
151.13.0,Øvre Glugvatn,match,overlap,,,,number,137.49177356171984,137.49177356171984,151-3-6087,11736666,True,False,1000.0,237.4917735617198,False,lake,lake_line,65848,Øvergluggvatnet,12.442109039959586,,,,,,,,,,,,,,,,,,,,605424,60.5424,60.54235000000001,60.650951854780665,60.65,0.9853142909903909,0.987078477232485,0.9982102200961235,45.87040380022396,1,3,2.020193542004563
151.15.0,Nervoll,match,overlap,,,,number,27.80082443710181,30.0,151-3-1,11731683,False,True,1000.0,130.0,False,river,,,,,5.278096788748623,120,59,1.79656982421875,True,38.2842712474619,True,whole,653.6785,652.9237,653.6797,0.0011546960776588674,0.7536999999999807,0.0,28.28427124746213,24.142135623731065,True,True,,6536785,653.6787,653.6786499999996,654.9609359235711,653.36,0.983644369312596,0.9855831312845286,0.9980422711443653,136.45681043718756,4,4,28.26816716697067
152.4.0,Fustvatn,match,overlap,,,,number,224.68144344678026,224.68144344678026,152-2-1,12383627,True,False,1000.0,324.68144344678035,False,lake,lake_line,495,Fustvatnet,6.697010520009295,,,,,,,,,,,,,,,,,,,,5275950,527.5951,527.5950499999996,525.8415927816043,525.69,0.9947210408900159,0.9914163342305492,1.003334668163315,53.54067509902942,2,4,13.788873167010024
153.1.0,Storvatn,miss,,,,,number,19.569391449404083,30.0,153-16-29,11197607,False,False,1000.0,130.0,False,river,,,,,6.377041034963038,105,62,2.5572776794433594,True,56.568542494923804,True,whole,2.7026000000000003,2.7013000000000003,2.7088,0.0022940871753125733,0.004999999999999893,28.28427124746213,24.142135623731065,28.28427124746213,True,True,,27026,2.7026,2.7025499999997225,49.05743703022656,48.0,0.053969865432091216,0.9795752238585066,0.05509052579193656,1194.5181203722905,1,2,1.2598702919785865
156.24.0,Bogvatn,refused,,"the request selects tiles on two lattices, 7404_2_10m_z33.tif and 7304_1_10m_z33.tif: 7304_1_10m_z33.tif is 0.5 cell (5 m) east-west off 7404_2_10m_z33.tif's lattice; tiles are not resampled onto one another, but a --bbox inside one lattice is meshed",mixed_grid,7404_2_10m_z33.tif;7304_1_10m_z33.tif,number,42.59423764436355,42.59423764436355,156-49-2698,11767237,False,True,1000.0,142.5942376443636,False,river,,,,,,,,,,,,,,,,,,,,,,,,,,,36.85441970883101,36.85,,,,,,,0.5693253339850344
156.15.0,Forsbakk,refused,,"the request selects tiles on two lattices, 7304_4_10m_z33.tif and 7304_1_10m_z33.tif: 7304_1_10m_z33.tif is 0.5 cell (5 m) east-west off 7304_4_10m_z33.tif's lattice; tiles are not resampled onto one another, but a --bbox inside one lattice is meshed",mixed_grid,7304_4_10m_z33.tif;7304_1_10m_z33.tif,number,16.315153300737144,30.0,156-47-1,11765049,False,False,1000.0,130.0,False,river,,,,,,,,,,,,,,,,,,,,,,,,,,,56.24618696554834,56.3,,,,,,,0.3631853749975562
168.3.0,Lakså bru,match,overlap,,,,number,10.55999063483601,30.0,168-206-1,11500985,False,False,1000.0,130.0,False,river,,,,,3.4761916842515452,124,116,0.21541976928710938,True,0.0,True,whole,26.7928,26.791600000000003,26.8074,0.0005449225164970254,0.01389999999999958,30.0,24.142135623731065,30.0,True,True,,267928,26.7928,26.79274999999946,26.808297124118564,26.67,0.9897113738188411,0.9902100564330716,0.9994219280677615,20.159059972988775,1,3,3.8071188330068253
172.8.0,Rauvatn,match,overlap,,,,number,88.7637723930068,88.7637723930068,172-45-86,12051175,True,False,1000.0,188.76377239300678,False,lake,lake_line,1017,Røvatnet,1.1716986406590886,,,,,,,,,,,,,,,,,,,,199944,19.9946,19.994549999999723,19.936246317441007,19.94,0.9882885774759502,0.9854810798915707,1.0029270145256954,20.55369034592455,1,3,1.5487370420014486
177.4.0,Sneisvatn,match,overlap,,,,number,152.03959131098122,152.03959131098122,177-261-1,11040380,True,False,1000.0,252.03959131098122,False,lake,lake_line,47682,Sneisvatnet,5.920925106812981,,,,,,,,,,,,,,,,,,,,291220,29.122,29.121949999999885,29.291522315118836,29.25,0.9885695166626266,0.9942758052331571,0.9942125809203389,15.250125327582708,1,3,1.6751495829666965
178.1.0,Langvatn,match,overlap,,,,number,222.25724084161118,222.25724084161118,178-527-1,11160737,True,False,1000.0,322.25724084161106,False,lake,lake_line,47429,Langvatnet,1.1971474486398181,,,,,,,,,,,,,,,,,,,,189452,18.9452,18.94515000000018,18.673649008489885,18.41,0.9925132945252797,0.9782583451217195,1.0145419350758202,23.662321603606205,1,3,1.5822295419638976
185.1.0,Gåslandsvatn,match,overlap,,,,number,20.592425395878966,30.0,185-267-1,11030081,True,False,1000.0,130.0,False,lake,lake_line,47324,Gåslandsvatnet,1.356065458226988,,,,,,,,,,,,,,,,,,,,77613,7.7616,7.761549999999961,7.742770436647732,7.7,0.9783568790516284,0.976113172541744,1.0024318896584024,23.651869116055813,1,2,0.6123058749944903
186.2.0,Ånesvatn,match,overlap,,,,number,328.3387393163331,328.3387393163331,186-31-28,11264964,True,False,726.1989776706455,330.68735482445254,False,lake,inside,1218,Ånesvatnet,0.0,,,,,,,,,,,,,,,,,,,,468637,46.8637,46.86365000000016,46.87243787429357,47.04,0.9767239926353092,0.976903232139161,0.9998135818256989,58.54146886912128,1,3,1.84636591601884
189.3.0,Tennevikvatn,match,overlap,,,,number,5.2131203691797525,30.0,189-17-1,11031323,False,False,1000.0,130.0,False,river,,,,,16.81386911814277,114,95,0.7697525024414062,True,0.0,True,whole,85.5129,85.50370000000001,85.51700000000001,0.0001075861068913903,0.0069000000000016826,0.0,24.142135623731065,24.142135623731065,True,True,,855129,85.5129,85.51285000000027,85.28527998631782,85.41,0.9909688176796357,0.9882965026329361,1.002668924974142,31.881028142983073,1,3,4.91457837499911
191.2.0,Øvrevatn,refused,,"the request selects tiles on two lattices, 7505_1_10m_z33.tif and 7606_2_10m_z33.tif: 7606_2_10m_z33.tif is 0.5 cell (5 m) east-west off 7505_1_10m_z33.tif's lattice; tiles are not resampled onto one another, but a --bbox inside one lattice is meshed",mixed_grid,7505_1_10m_z33.tif;7606_2_10m_z33.tif,number,25.00580124699803,30.0,191-21-1196,11220643,False,False,1000.0,130.0,False,lake,inside,2370,Øvervatnet,0.0,,,,,,,,,,,,,,,,,,,,,,,526.7757486445488,526.02,,,,,,,7.988921875017695
196.7.0,Ytre Fiskeløsvatn,match,overlap,,,,number,59.20726427733073,59.20726427733073,196-116-1,12098391,True,False,1000.0,159.20726427733075,False,lake,lake_line,2417,Ytre Fiskelausvatnet,15.854648640242987,,,,,,,,,,,,,,,,,,,,542588,54.2591,54.25904999999949,54.50731837339786,54.42,0.9844225272527803,0.9889419470651006,0.995446145934066,39.75411469820655,2,3,2.260342125024181
196.11.0,Lille Rostavatn,uncertain,,,,,number,186.40646031896057,186.40646031896057,196-74-4332,12080866,False,False,1000.0,286.4064603189606,False,river,,,,,5.04562395282132,141,37,1.0226898193359375,True,150.71067811865476,True,whole,0.0022,0.0014,0.0007,0.3636363636363637,0.3067,118.99494936611745,177.27922061357935,181.42135623731065,False,False,swing;chain_not_draining,22,0.0022,0.00215,637.3493962606841,638.38,3.451781205396515e-06,1.0,3.4517958484111776e-06,3765.7769568973845,1,2,1.971263707964681
200.4.0,Skogsfjordvatn,uncertain,,,,,number,8.027391322891809,30.0,200-149-82,11153436,False,False,1000.0,130.0,False,river,,,,,15.91826697855472,133,52,0.48110198974609375,True,362.13203435596427,False,whole,0.00030000000000000003,0.00030000000000000003,0.0029000000000000002,8.666666666666666,0.0025,28.28427124746213,-0.0,28.28427124746213,False,False,swing;chain_not_draining;chain_end_open,3,0.0003,0.00025,135.96481688097882,136.01,2.2064583034542104e-06,1.0,2.206453161060149e-06,1979.8921058612325,1,1,0.6537704590009525
203.2.0,Jægervatn,refused,,"the request selects tiles on two lattices, 7706_1_10m_z33.tif and 7707_3_10m_z33.tif: 7707_3_10m_z33.tif is 0.5 cell (5 m) east-west off 7706_1_10m_z33.tif's lattice; tiles are not resampled onto one another, but a --bbox inside one lattice is meshed",mixed_grid,7706_1_10m_z33.tif;7707_3_10m_z33.tif,number,42.863587754517035,42.863587754517035,203-230-1,11522081,True,False,1000.0,142.86358775451708,False,lake,lake_line,1714,Jægervatnet,0.8361647760127341,,,,,,,,,,,,,,,,,,,,,,,93.74857414631173,93.75,,,,,,,0.8369232919649221
205.6.0,Didnojokka,uncertain,,,,,number,185.69931596644759,185.69931596644759,205-27-238,11087321,False,True,1000.0,2.2737367544323206e-13,False,river,,,,,20.07852473284428,105,12,0.72528076171875,True,0.0,True,none,111.171,0.2864,111.171,0.9974237885779564,111.1695,-14.142135623731065,185.5634918610417,0.0,False,False,swing;downstream_unread;chain_not_draining,1111710,111.1711,111.1710499999998,111.03832406926577,110.87,0.9836977518891857,0.982536828366365,1.0011957667034979,66.84607041418835,1,3,3.212924833991565
206.3.0,Manndalen bru,refused,,"the request selects tiles on two lattices, 7606_1_10m_z33.tif and 7707_3_10m_z33.tif: 7707_3_10m_z33.tif is 0.5 cell (5 m) east-west off 7606_1_10m_z33.tif's lattice; tiles are not resampled onto one another, but a --bbox inside one lattice is meshed",mixed_grid,7606_1_10m_z33.tif;7707_3_10m_z33.tif,number,23.448260012623653,30.0,206-155-1,11518002,False,True,1000.0,130.0,False,river,,,,,,,,,,,,,,,,,,,,,,,,,,,200.4034494181742,200.4,,,,,,,1.3790027089999057
208.2.0,Oksfjordvatn,refused,,"the request selects tiles on two lattices, 7707_4_10m_z33.tif and 7707_1_10m_z33.tif: 7707_1_10m_z33.tif is 0.5 cell (5 m) east-west off 7707_4_10m_z33.tif's lattice; tiles are not resampled onto one another, but a --bbox inside one lattice is meshed",mixed_grid,7707_4_10m_z33.tif;7707_1_10m_z33.tif,number,111.48722494099198,111.48722494099198,208-65-178,11299595,False,False,1000.0,211.48722494099206,False,river,,,,,,,,,,,,,,,,,,,,,,,,,,,265.827835321065,265.83,,,,,,,0.33280816598562524
208.3.0,Svartfossberget,refused,,"the request selects tiles on two lattices, 7707_2_10m_z33.tif and 7707_3_10m_z33.tif: 7707_3_10m_z33.tif is 0.5 cell (5 m) east-west off 7707_2_10m_z33.tif's lattice; tiles are not resampled onto one another, but a --bbox inside one lattice is meshed",mixed_grid,7707_2_10m_z33.tif;7707_3_10m_z33.tif,number,16.598240170697007,30.0,208-70-1,10754429,False,False,1000.0,129.9999999999999,False,river,,,,,,,,,,,,,,,,,,,,,,,,,,,1932.4052606764792,1932.29,,,,,,,0.2531965840025805
209.4.0,Lillefossen,refused,,"the request selects tiles on two lattices, 7707_2_10m_z33.tif and 7707_1_10m_z33.tif: 7707_1_10m_z33.tif is 0.5 cell (5 m) east-west off 7707_2_10m_z33.tif's lattice; tiles are not resampled onto one another, but a --bbox inside one lattice is meshed",mixed_grid,7707_2_10m_z33.tif;7707_1_10m_z33.tif,number,6.435087333013657,30.0,209-71-1,10751665,False,False,1000.0,130.0,False,river,,,,,,,,,,,,,,,,,,,,,,,,,,,330.6044803136183,330.6,,,,,,,0.5809797499678098
212.10.0,Masi,uncertain,,,,,number,336.7761573459962,336.7761573459962,212-79-3016,11055484,False,False,1000.0,436.7761573459961,False,river,,,,,8.0891161447854,138,60,2.91998291015625,True,24.14213562373095,True,whole,3.5146,0.0001,3.7162,0.999971547260001,3.7156000000000002,317.9898987322349,330.41630560342685,327.9898987322349,False,False,swing;chain_not_draining,35146,3.5146,3.514550000000234,5618.341101091989,5620.81,2.5309953035798046e-05,0.04045979627838161,0.0006255583163715171,10205.725190469819,1,2,7.809436083945911
212.48.0,Sagafoss,refused,,"the request selects tiles on two lattices, 7707_2_10m_z33.tif and 7707_1_10m_z33.tif: 7707_1_10m_z33.tif is 0.5 cell (5 m) east-west off 7707_2_10m_z33.tif's lattice; tiles are not resampled onto one another, but a --bbox inside one lattice is meshed",mixed_grid,7707_2_10m_z33.tif;7707_1_10m_z33.tif,number,17.069652542063594,30.0,212-80-1,11064452,False,False,1000.0,130.0,False,river,,,,,,,,,,,,,,,,,,,,,,,,,,,234.24218107762323,234.24,,,,,,,5.308859916985966
212.49.0,Halsnes,refused,,"the request selects tiles on two lattices, 7708_4_10m_z33.tif and 7707_1_10m_z33.tif: 7707_1_10m_z33.tif is 0.5 cell (5 m) east-west off 7708_4_10m_z33.tif's lattice; tiles are not resampled onto one another, but a --bbox inside one lattice is meshed",mixed_grid,7708_4_10m_z33.tif;7707_1_10m_z33.tif,number,14.666204867082273,30.0,212-82-1,11063631,False,False,1000.0,130.0,False,river,,,,,,,,,,,,,,,,,,,,,,,,,,,145.21870102744438,145.05,,,,,,,0.2532396669848822
213.2.0,Leirbotnvatn,refused,,"the request selects tiles on two lattices, 7708_4_10m_z33.tif and 7808_3_10m_z33.tif: 7808_3_10m_z33.tif is 0.5 cell (5 m) east-west off 7708_4_10m_z33.tif's lattice; tiles are not resampled onto one another, but a --bbox inside one lattice is meshed",mixed_grid,7708_4_10m_z33.tif;7808_3_10m_z33.tif,number,51.64563691085116,51.64563691085116,213-14-1,11109211,True,False,1000.0,151.64563691085118,False,lake,inside,2258,Ráirrojávri,0.0,,,,,,,,,,,,,,,,,,,,,,,135.19070138095609,135.47,,,,,,,0.25429149996489286
213.4.0,Kvalsund,refused,,"the request selects tiles on two lattices, 7808_4_10m_z33.tif and 7808_3_10m_z33.tif: 7808_3_10m_z33.tif is 0.5 cell (5 m) east-west off 7808_4_10m_z33.tif's lattice; tiles are not resampled onto one another, but a --bbox inside one lattice is meshed",mixed_grid,7808_4_10m_z33.tif;7808_3_10m_z33.tif,number,16.11865129048308,30.0,213-112-1,11110756,False,True,1000.0,130.0,False,river,,,,,,,,,,,,,,,,,,,,,,,,,,,124.84608002562999,124.8,,,,,,,0.49404066702118143
223.2.0,Lombola,refused,,"the request selects tiles on two lattices, 7708_1_10m_z33.tif and 7808_3_10m_z33.tif: 7808_3_10m_z33.tif is 0.5 cell (5 m) east-west off 7708_1_10m_z33.tif's lattice; tiles are not resampled onto one another, but a --bbox inside one lattice is meshed",mixed_grid,7708_1_10m_z33.tif;7808_3_10m_z33.tif,number,37.19033732051481,37.19033732051481,223-15-1,11321982,False,False,1000.0,137.19033732051503,False,river,,,,,,,,,,,,,,,,,,,,,,,,,,,873.8938482123258,877.14,,,,,,,1.5696892919950187
234.13.0,"Veahkkava, Iesjokka",match,overlap,,,,name,51.88334273614225,51.88334273614225,234-62-48,10828354,False,False,1000.0,151.88334273614214,False,river,,,,,5.386055079801898,128,50,0.0584259033203125,True,10.0,True,whole,2077.346,2077.3409,2077.3494,2.455055633417189e-06,0.004400000000259752,-14.142135623731065,38.28427124746213,48.28427124746213,True,True,,20773460,2077.3471,2077.347049999999,2081.0403734932147,2078.98,0.992314075217663,0.9940770610746755,0.9982252754246113,104.94405438504023,4,5,144.56475562497508
234.18.0,Polmak nye,uncertain,,,,,number,158.31615346806367,158.31615346806367,234-62-6512,10826055,False,False,1000.0,139.6856627186521,False,river,,,,,4.7895406889632035,111,60,2.8188743591308594,True,14.142135623730951,True,partly,6.2785,6.2685,6.2822000000000005,0.0015927371187385183,6.2814,62.426406871193194,148.99494936611745,90.71067811865532,False,False,downstream_unread;chain_not_draining,62785,6.2785,6.278449999999754,14171.017546214985,14161.4,0.00043039248526012823,0.9714262960898303,0.0004430521647104275,13162.857806540975,1,2,62.457697250007186
237.1.0,Båtsfjord,uncertain,,,,,number,6.084245873451029,30.0,237-24-3,11241427,False,False,1000.0,130.0,False,river,,,,,3.318984420187502,116,92,0.4925537109375,True,0.0,True,whole,22.511400000000002,0.0008,22.5145,0.9999644624501363,22.5095,-20.0,30.0,24.142135623731065,True,True,swing,225114,22.5115,22.511449999999787,23.10978356858632,21.93,0.9458705115667218,0.9709926037802901,0.9741112431100575,81.78037265779113,1,3,4.626963042013813
244.2.0,Neiden,refused,,"1714266 nodes the request needs are in no tile: x 987960 to 999740, y 7735210 to 7749740 (EPSG:25833)",other,,number,51.7406252620755,51.7406252620755,244-14-1,10755496,False,False,1000.0,151.74062526207558,False,river,,,,,,,,,,,,,,,,,,,,,,,,,,,2944.623532209607,2947.19,,,,,,,6.934387749992311
246.9.0,Sametielv,match,overlap,,,,number,34.56262226154864,34.56262226154864,246-49-519,11566262,False,False,1000.0,134.56262226154854,False,river,,,,,5.825547184231738,104,88,0.963409423828125,True,0.0,True,whole,251.47070000000002,251.44930000000002,251.4721,8.509937738273232e-05,0.017099999999999227,-10.0,34.142135623731065,24.142135623731065,True,True,,2514707,251.4708,251.47074999999955,254.7413680134625,255.69,0.9777740875916707,0.9904454115547412,0.9871612214420955,55.79259280969342,1,4,24.164615124987904
247.3.0,Karpelva,match,overlap,,,,number,9.835356478729247,30.0,247-34-1,11293212,False,False,1000.0,130.0,False,river,,,,,3.7948177595717842,103,29,0.48448753356933594,True,0.0,True,whole,128.16910000000001,128.1668,128.1708,1.794504291611245e-05,0.0020000000000095497,-14.142135623731065,24.142135623731065,30.0,True,True,,1281691,128.1697,128.16964999999934,125.28759153347507,128.89,0.9773365248699614,0.955375568484595,1.0230039418209653,122.82139144320426,4,4,19.381247292039916
307.5.0,Murusjø,match,overlap,,,,number,384.73361079306903,384.73361079306903,307-4-2168,12374894,True,False,1000.0,484.73361079306915,False,lake,lake_line,1127,Murusjøen,6.042128871292075,,,,,,,,,,,,,,,,,,,,3522441,352.2443,352.24425000000014,346.24482716083804,345.62,0.988203459421304,0.9713505655024084,1.0173272562318312,104.38633668096284,4,4,11.910804167040624
307.7.0,Landbru,miss,,,,,number,0.8982674988729891,30.0,307-4-57,12371457,False,False,1000.0,130.0,False,river,,,,,5.7822017234206555,102,39,6.270263671875,True,0.0,True,whole,78.3862,78.38430000000001,78.4084,0.00028321311659447706,0.02030000000000598,14.142135623731065,24.142135623731065,28.28427124746213,True,True,,783862,78.3863,78.38624999999918,61.487286455585405,61.37,0.9851989786791133,0.7728250982633444,1.2748375236337903,407.2184809847481,4,3,5.5201202079770155
308.1.0,Lenglingen,match,overlap,,,,number,9.026673501307986,30.0,308-2-1582,11357998,True,False,533.7833188772006,130.0,False,lake,lake_line,1139,Lenglingen,0.2995400981900797,,,,,,,,,,,,,,,,,,,,4521613,452.1615,452.16144999999966,452.5425648295382,449.98,0.9923770746104015,0.9932139290939189,0.9991579469885186,49.8850401841692,2,4,13.707499167008791
311.4.0,Femundsenden (Femunden),refused,,no mapped river line within 500 m of the station,no_river,,,,,,,,,,,,,,,,,,,,,,,,,,,,,,,,,,,,,,,1788.6918028380774,1794.03,,,,,,,0.1421164579805918
311.6.0,Nybergsund,uncertain,,,,,number,73.20304724886097,73.20304724886097,311-1-1,11334956,False,False,1000.0,173.2030472488609,False,river,,,,,12.634050140308144,163,161,0.2403564453125,True,497.6955262170047,False,whole,0.0008,0.0011,0.0008,0.0,0.3245,-10.0,72.4264068711932,66.56854249492426,False,False,chain_not_draining;chain_end_open,8,0.0008,0.00075,4418.062536061269,4424.85,0.0,0.0,1.8107484750842957e-07,6745.97018879312,1,1,8.580118874961045
313.10.0,Magnor,match,overlap,,,,number,19.285768148665582,30.0,313-1-388,11386814,False,False,1000.0,130.0,False,river,,,,,4.757631037706348,100,91,0.7317276000976562,True,0.0,True,whole,356.7475,356.73740000000004,356.76070000000004,3.7000960062902446e-05,0.011599999999987176,10.0,24.142135623731065,24.142135623731065,True,True,,3567475,356.748,356.74794999999983,357.8570232630008,357.86,0.9875018408412176,0.9905597228295604,0.9969009319619088,54.896512326346325,2,4,25.63208675000351
