station,class,batch_a0_km2,count_km2,half_m,edge_cut,ratio
2.265.0,match,623.4015,143.7509,12000.0,1,0.231
2.279.0,uncertain,0.0001,0.0001,12000.0,0,1.000
2.284.0,uncertain,460.9939,130.6745,12000.0,1,0.283
2.290.0,match,252.7560,110.7915,12000.0,1,0.438
2.303.0,uncertain,0.0027,0.0027,12000.0,0,1.000
2.439.0,match,374.3759,155.7996,12000.0,1,0.416
2.633.0,match,87.0213,86.4354,12000.0,1,0.993
3.22.0,uncertain,330.4084,96.9581,12000.0,1,0.293
6.10.0,close,7.6529,7.6529,12000.0,0,1.000
12.70.0,uncertain,565.4513,149.2320,12000.0,1,0.264
12.178.0,uncertain,0.0004,0.0004,12000.0,0,1.000
12.188.0,uncertain,0.0005,0.0005,12000.0,0,1.000
12.192.0,match,75.5908,75.5908,12000.0,0,1.000
12.193.0,match,51.6809,51.6809,12000.0,0,1.000
12.197.0,match,184.0307,119.0111,12000.0,1,0.647
12.207.0,match,273.1253,193.5258,12000.0,1,0.709
12.215.0,miss,158.0676,91.8689,12000.0,1,0.581
15.21.0,match,127.5066,89.1000,12000.0,1,0.699
15.49.0,miss,102.7077,102.7077,12000.0,0,1.000
16.122.0,match,42.6880,42.6880,12000.0,0,1.000
16.127.0,match,45.6333,45.6333,12000.0,0,1.000
16.194.0,match,118.9240,107.3809,12000.0,1,0.903
18.10.0,match,235.3144,162.0883,12000.0,1,0.689
18.11.0,match,1.9611,1.9611,12000.0,0,1.000
19.79.0,close,5.3304,5.3304,12000.0,0,1.000
19.80.0,uncertain,15.1974,15.1974,12000.0,0,1.000
19.82.0,match,8.8724,8.8724,12000.0,0,1.000
19.96.0,uncertain,0.0004,0.0004,12000.0,0,1.000
19.104.0,match,65.4426,65.4426,12000.0,0,1.000
20.2.0,uncertain,290.8825,82.5770,12000.0,1,0.284
20.11.0,uncertain,0.0032,0.0032,12000.0,0,1.000
22.16.0,uncertain,182.4048,81.3240,12000.0,1,0.446
22.22.0,uncertain,204.6431,72.4299,12000.0,1,0.354
38.1.0,uncertain,117.4879,69.2903,12000.0,1,0.590
41.8.0,uncertain,0.1240,0.1240,12000.0,0,1.000
42.2.0,match,30.9808,30.9808,12000.0,0,1.000
48.5.0,uncertain,0.0009,0.0009,12000.0,0,1.000
55.4.0,match,50.3362,48.8203,12000.0,1,0.970
62.15.0,uncertain,0.1947,0.1947,12000.0,0,1.000
73.21.0,uncertain,25.5212,25.5212,12000.0,0,1.000
73.27.0,uncertain,0.0033,0.0033,12000.0,0,1.000
79.3.0,uncertain,0.0065,0.0065,12000.0,0,1.000
83.6.0,uncertain,0.0002,0.0002,12000.0,0,1.000
83.12.0,uncertain,206.9799,113.9398,12000.0,1,0.550
86.12.0,match,23.9286,23.9286,12000.0,0,1.000
87.10.0,uncertain,0.0919,0.0919,12000.0,0,1.000
88.11.0,uncertain,0.6769,0.6769,12000.0,0,1.000
98.4.0,match,140.8380,131.4411,12000.0,1,0.933
101.1.0,match,40.6405,40.6405,12000.0,0,1.000
103.1.0,match,439.6141,202.4661,12000.0,1,0.461
104.23.0,match,66.1863,66.1863,12000.0,0,1.000
105.1.0,miss,0.7468,119.7305,12000.0,1,160.325
109.9.0,uncertain,0.0002,0.0002,12000.0,0,1.000
109.21.0,match,137.5389,122.4554,12000.0,1,0.890
112.8.0,uncertain,88.2275,78.5711,12000.0,1,0.891
121.20.0,match,283.7651,165.2092,12000.0,1,0.582
122.11.0,uncertain,655.6317,187.8794,12000.0,1,0.287
122.14.0,uncertain,168.9506,126.6364,12000.0,1,0.750
122.17.0,uncertain,0.0128,0.0128,12000.0,0,1.000
124.2.0,uncertain,643.9185,121.7521,12000.0,1,0.189
139.35.0,uncertain,0.0005,0.0005,12000.0,0,1.000
148.2.0,match,109.8283,109.8283,12000.0,0,1.000
150.1.0,uncertain,5.8592,5.8592,12000.0,0,1.000
151.15.0,match,653.6785,208.4053,12000.0,1,0.319
153.1.0,miss,2.7026,2.7026,12000.0,0,1.000
168.3.0,match,26.7928,26.7928,12000.0,0,1.000
189.3.0,match,85.5129,85.5129,12000.0,0,1.000
196.11.0,uncertain,0.0022,0.0022,12000.0,0,1.000
200.4.0,uncertain,0.0003,0.0003,12000.0,0,1.000
205.6.0,uncertain,111.1710,111.1710,12000.0,0,1.000
212.10.0,uncertain,3.5146,3.5146,12000.0,0,1.000
234.13.0,match,2077.3460,179.5507,12000.0,1,0.086
234.18.0,uncertain,6.2785,6.2785,12000.0,0,1.000
237.1.0,uncertain,22.5114,22.5114,12000.0,0,1.000
246.9.0,match,251.4707,166.9832,12000.0,1,0.664
247.3.0,match,128.1691,104.3001,12000.0,1,0.814
307.7.0,miss,78.3862,78.3862,12000.0,0,1.000
311.6.0,uncertain,0.0008,0.0008,12000.0,0,1.000
313.10.0,match,356.7475,158.5114,12000.0,1,0.444
