quarter	0	0	0.232773	ac
quarter	1	0	0.549579	ac
quarter	2	0	0.346593	ac
quarter	3	0	0.297871	ac
quarter	4	0	0.269392	ac
quarter	5	0	0.259111	ac
quarter	6	0	0.249520	ac
quarter	7	0	0.242073	ac
quarter	8	0	0.233906	ac
quarter	9	0	0.237184	ac
quarter	10	0	0.232688	ac
quarter	11	0	0.235566	ac
quarter	12	0	0.235480	ac
quarter	13	0	0.231789	ac
quarter	14	0	0.238923	ac
quarter	15	0	0.229392	ac
quarter	16	0	0.226863	ac
quarter	17	0	0.234195	ac
quarter	18	0	0.232037	ac
quarter	19	0	0.232403	ac
quarter	20	0	0.232298	ac
quarter	0	1	0.235456	ac
quarter	1	1	0.496192	ac
quarter	2	1	0.345183	ac
quarter	3	1	0.291866	ac
quarter	4	1	0.272906	ac
quarter	5	1	0.257479	ac
quarter	6	1	0.244777	ac
quarter	7	1	0.237870	ac
quarter	8	1	0.234458	ac
quarter	9	1	0.238164	ac
quarter	10	1	0.236024	ac
quarter	11	1	0.234093	ac
quarter	12	1	0.235433	ac
quarter	13	1	0.231604	ac
quarter	14	1	0.234208	ac
quarter	15	1	0.235232	ac
quarter	16	1	0.230279	ac
quarter	17	1	0.232624	ac
quarter	18	1	0.232175	ac
quarter	19	1	0.234255	ac
quarter	20	1	0.234099	ac
quarter	0	2	0.237707	ac
quarter	1	2	0.486486	ac
quarter	2	2	0.348379	ac
quarter	3	2	0.300326	ac
quarter	4	2	0.273871	ac
quarter	5	2	0.254867	ac
quarter	6	2	0.246522	ac
quarter	7	2	0.237825	ac
quarter	8	2	0.229780	ac
quarter	9	2	0.231243	ac
quarter	10	2	0.231751	ac
quarter	11	2	0.234628	ac
quarter	12	2	0.232999	ac
quarter	13	2	0.230338	ac
quarter	14	2	0.233842	ac
quarter	15	2	0.230223	ac
quarter	16	2	0.227028	ac
quarter	17	2	0.227052	ac
quarter	18	2	0.229211	ac
quarter	19	2	0.230072	ac
quarter	20	2	0.229137	ac
quarter	0	3	0.232290	ac
quarter	1	3	0.482889	ac
quarter	2	3	0.344472	ac
quarter	3	3	0.291661	ac
quarter	4	3	0.275513	ac
quarter	5	3	0.257129	ac
quarter	6	3	0.242306	ac
quarter	7	3	0.240968	ac
quarter	8	3	0.233719	ac
quarter	9	3	0.236738	ac
quarter	10	3	0.233757	ac
quarter	11	3	0.236927	ac
quarter	12	3	0.234966	ac
quarter	13	3	0.239491	ac
quarter	14	3	0.232756	ac
quarter	15	3	0.235559	ac
quarter	16	3	0.228495	ac
quarter	17	3	0.230223	ac
quarter	18	3	0.229181	ac
quarter	19	3	0.231103	ac
quarter	20	3	0.230804	ac
quarter	0	4	0.230990	ac
quarter	1	4	0.481796	ac
quarter	2	4	0.345335	ac
quarter	3	4	0.289079	ac
quarter	4	4	0.272424	ac
quarter	5	4	0.254644	ac
quarter	6	4	0.242990	ac
quarter	7	4	0.238404	ac
quarter	8	4	0.233945	ac
quarter	9	4	0.236036	ac
quarter	10	4	0.232287	ac
quarter	11	4	0.232442	ac
quarter	12	4	0.232400	ac
quarter	13	4	0.229026	ac
quarter	14	4	0.227746	ac
quarter	15	4	0.228847	ac
quarter	16	4	0.223688	ac
quarter	17	4	0.226753	ac
quarter	18	4	0.227288	ac
quarter	19	4	0.227806	ac
quarter	20	4	0.226271	ac
tile	0	0	0.257189	ac
tile	1	0	0.519875	ac
tile	2	0	0.372996	ac
tile	3	0	0.310150	ac
tile	4	0	0.289640	ac
tile	5	0	0.271702	ac
tile	6	0	0.266438	ac
tile	7	0	0.259432	ac
tile	8	0	0.247800	ac
tile	9	0	0.256675	ac
tile	10	0	0.253165	ac
tile	11	0	0.254909	ac
tile	12	0	0.250707	ac
tile	13	0	0.250083	ac
tile	14	0	0.247393	ac
tile	15	0	0.246978	ac
tile	16	0	0.244813	ac
tile	17	0	0.247337	ac
tile	18	0	0.247188	ac
tile	19	0	0.249854	ac
tile	20	0	0.251520	ac
tile	0	1	0.254486	ac
tile	1	1	0.515935	ac
tile	2	1	0.366355	ac
tile	3	1	0.309675	ac
tile	4	1	0.289551	ac
tile	5	1	0.272518	ac
tile	6	1	0.260303	ac
tile	7	1	0.252870	ac
tile	8	1	0.246972	ac
tile	9	1	0.255369	ac
tile	10	1	0.254140	ac
tile	11	1	0.256346	ac
tile	12	1	0.253538	ac
tile	13	1	0.251709	ac
tile	14	1	0.247555	ac
tile	15	1	0.246991	ac
tile	16	1	0.246710	ac
tile	17	1	0.248500	ac
tile	18	1	0.248683	ac
tile	19	1	0.259675	ac
tile	20	1	0.250895	ac
tile	0	2	0.253099	ac
tile	1	2	0.513181	ac
tile	2	2	0.367044	ac
tile	3	2	0.312964	ac
tile	4	2	0.290641	ac
tile	5	2	0.272166	ac
tile	6	2	0.259731	ac
tile	7	2	0.255664	ac
tile	8	2	0.250629	ac
tile	9	2	0.257676	ac
tile	10	2	0.254976	ac
tile	11	2	0.255112	ac
tile	12	2	0.253844	ac
tile	13	2	0.250832	ac
tile	14	2	0.246399	ac
tile	15	2	0.247188	ac
tile	16	2	0.244417	ac
tile	17	2	0.246322	ac
tile	18	2	0.247844	ac
tile	19	2	0.250968	ac
tile	20	2	0.249587	ac
tile	0	3	0.255201	ac
tile	1	3	0.518038	ac
tile	2	3	0.369759	ac
tile	3	3	0.306468	ac
tile	4	3	0.289251	ac
tile	5	3	0.273082	ac
tile	6	3	0.260394	ac
tile	7	3	0.252706	ac
tile	8	3	0.247107	ac
tile	9	3	0.255731	ac
tile	10	3	0.253259	ac
tile	11	3	0.254601	ac
tile	12	3	0.251486	ac
tile	13	3	0.250765	ac
tile	14	3	0.249897	ac
tile	15	3	0.248102	ac
tile	16	3	0.245279	ac
tile	17	3	0.247577	ac
tile	18	3	0.246495	ac
tile	19	3	0.249353	ac
tile	20	3	0.248337	ac
tile	0	4	0.253092	ac
tile	1	4	0.522051	ac
tile	2	4	0.367997	ac
tile	3	4	0.309376	ac
tile	4	4	0.288788	ac
tile	5	4	0.271730	ac
tile	6	4	0.261045	ac
tile	7	4	0.256310	ac
tile	8	4	0.248564	ac
tile	9	4	0.256688	ac
tile	10	4	0.253413	ac
tile	11	4	0.253536	ac
tile	12	4	0.254357	ac
tile	13	4	0.250541	ac
tile	14	4	0.250084	ac
tile	15	4	0.248164	ac
tile	16	4	0.246669	ac
tile	17	4	0.250571	ac
tile	18	4	0.251634	ac
tile	19	4	0.249292	ac
tile	20	4	0.250641	ac
