quarter	1	1	0.4900
quarter	1	2	0.4995
quarter	1	3	0.5163
quarter	1	4	0.5005
quarter	1	5	0.4944
quarter	2	1	0.3629
quarter	2	2	0.3761
quarter	2	3	0.3592
quarter	2	4	0.3482
quarter	2	5	0.3599
quarter	3	1	0.3001
quarter	3	2	0.2967
quarter	3	3	0.3021
quarter	3	4	0.3196
quarter	3	5	0.2991
quarter	4	1	0.2804
quarter	4	2	0.2769
quarter	4	3	0.2774
quarter	4	4	0.2809
quarter	4	5	0.2817
quarter	5	1	0.2612
quarter	5	2	0.2614
quarter	5	3	0.2664
quarter	5	4	0.2641
quarter	5	5	0.2711
quarter	6	1	0.2899
quarter	6	2	0.2635
quarter	6	3	0.2620
quarter	6	4	0.2617
quarter	6	5	0.2562
quarter	7	1	0.2512
quarter	7	2	0.2578
quarter	7	3	0.2543
quarter	7	4	0.2611
quarter	7	5	0.2631
quarter	8	1	0.2459
quarter	8	2	0.2481
quarter	8	3	0.2432
quarter	8	4	0.2469
quarter	8	5	0.3512
quarter	9	1	0.2657
quarter	9	2	0.2472
quarter	9	3	0.2402
quarter	9	4	0.2429
quarter	9	5	0.2497
quarter	10	1	0.2488
quarter	10	2	0.2424
quarter	10	3	0.2440
quarter	10	4	0.2425
quarter	10	5	0.2431
quarter	11	1	0.2413
quarter	11	2	0.2433
quarter	11	3	0.2558
quarter	11	4	0.2422
quarter	11	5	0.2424
quarter	12	1	0.2383
quarter	12	2	0.2404
quarter	12	3	0.2412
quarter	12	4	0.2471
quarter	12	5	0.2544
quarter	13	1	0.2485
quarter	13	2	0.2360
quarter	13	3	0.2322
quarter	13	4	0.2334
quarter	13	5	0.2320
quarter	14	1	0.2394
quarter	14	2	0.2311
quarter	14	3	0.2392
quarter	14	4	0.2330
quarter	14	5	0.2332
quarter	15	1	0.2321
quarter	15	2	0.2282
quarter	15	3	0.2307
quarter	15	4	0.2316
quarter	15	5	0.2332
quarter	16	1	0.2292
quarter	16	2	0.2315
quarter	16	3	0.2299
quarter	16	4	0.2290
quarter	16	5	0.2300
quarter	17	1	0.2343
quarter	17	2	0.2329
quarter	17	3	0.2311
quarter	17	4	0.2432
quarter	17	5	0.2348
quarter	18	1	0.2329
quarter	18	2	0.2310
quarter	18	3	0.2336
quarter	18	4	0.2351
quarter	18	5	0.2330
quarter	19	1	0.2419
quarter	19	2	0.2344
quarter	19	3	0.2315
quarter	19	4	0.2327
quarter	19	5	0.2317
quarter	20	1	0.2340
quarter	20	2	0.2338
quarter	20	3	0.2310
quarter	20	4	0.2297
quarter	20	5	0.2311
tile	1	1	0.5373
tile	1	2	0.5403
tile	1	3	0.5389
tile	1	4	0.5411
tile	1	5	0.5273
tile	2	1	0.3792
tile	2	2	0.3802
tile	2	3	0.3814
tile	2	4	0.3753
tile	2	5	0.3774
tile	3	1	0.3188
tile	3	2	0.3174
tile	3	3	0.3188
tile	3	4	0.3218
tile	3	5	0.3239
tile	4	1	0.3161
tile	4	2	0.2971
tile	4	3	0.2973
tile	4	4	0.3030
tile	4	5	0.3074
tile	5	1	0.2776
tile	5	2	0.2845
tile	5	3	0.2786
tile	5	4	0.2751
tile	5	5	0.2796
tile	6	1	0.2646
tile	6	2	0.2701
tile	6	3	0.2789
tile	6	4	0.2708
tile	6	5	0.2720
tile	7	1	0.2667
tile	7	2	0.2642
tile	7	3	0.2672
tile	7	4	0.2732
tile	7	5	0.2652
tile	8	1	0.2545
tile	8	2	0.2619
tile	8	3	0.2550
tile	8	4	0.2552
tile	8	5	0.2564
tile	9	1	0.2652
tile	9	2	0.2707
tile	9	3	0.2659
tile	9	4	0.2636
tile	9	5	0.2625
tile	10	1	0.2632
tile	10	2	0.2606
tile	10	3	0.2592
tile	10	4	0.2615
tile	10	5	0.2649
tile	11	1	0.2603
tile	11	2	0.2611
tile	11	3	0.2621
tile	11	4	0.2611
tile	11	5	0.2615
tile	12	1	0.2626
tile	12	2	0.2606
tile	12	3	0.2598
tile	12	4	0.2597
tile	12	5	0.2581
tile	13	1	0.2551
tile	13	2	0.2572
tile	13	3	0.2584
tile	13	4	0.2543
tile	13	5	0.2583
tile	14	1	0.2561
tile	14	2	0.2570
tile	14	3	0.2579
tile	14	4	0.2519
tile	14	5	0.2615
tile	15	1	0.2541
tile	15	2	0.2540
tile	15	3	0.2564
tile	15	4	0.2554
tile	15	5	0.2543
tile	16	1	0.2531
tile	16	2	0.2581
tile	16	3	0.2519
tile	16	4	0.2737
tile	16	5	0.2539
tile	17	1	0.2590
tile	17	2	0.2551
tile	17	3	0.2562
tile	17	4	0.2568
tile	17	5	0.2543
tile	18	1	0.2566
tile	18	2	0.2578
tile	18	3	0.2572
tile	18	4	0.2562
tile	18	5	0.2547
tile	19	1	0.2595
tile	19	2	0.2581
tile	19	3	0.2566
tile	19	4	0.2560
tile	19	5	0.2589
tile	20	1	0.2553
tile	20	2	0.2549
tile	20	3	0.2574
tile	20	4	0.2561
tile	20	5	0.2570
