tile	0	0	0.184926	mixed
tile	1	0	0.471712	mixed
tile	2	0	0.333402	mixed
tile	3	0	0.269137	mixed
tile	4	0	0.236138	mixed
tile	5	0	0.229025	mixed
tile	6	0	0.208600	mixed
tile	7	0	0.209028	mixed
tile	8	0	0.206721	mixed
tile	9	0	0.195284	mixed
tile	10	0	0.202348	mixed
tile	11	0	0.194538	mixed
tile	12	0	0.206946	mixed
tile	13	0	0.191704	mixed
tile	14	0	0.200678	mixed
tile	15	0	0.198437	mixed
tile	16	0	0.196506	mixed
tile	17	0	0.222180	mixed
tile	18	0	0.201043	mixed
tile	19	0	0.198813	mixed
tile	20	0	0.217579	mixed
tile	0	1	0.191110	mixed
tile	1	1	0.510087	mixed
tile	2	1	0.328939	mixed
tile	3	1	0.285911	mixed
tile	4	1	0.277809	mixed
tile	5	1	0.217882	mixed
tile	6	1	0.206265	mixed
tile	7	1	0.196504	mixed
tile	8	1	0.192243	mixed
tile	9	1	0.192063	mixed
tile	10	1	0.194254	mixed
tile	11	1	0.192786	mixed
tile	12	1	0.185671	mixed
tile	13	1	0.185425	mixed
tile	14	1	0.186632	mixed
tile	15	1	0.185657	mixed
tile	16	1	0.188817	mixed
tile	17	1	0.189206	mixed
tile	18	1	0.185638	mixed
tile	19	1	0.186286	mixed
tile	20	1	0.191428	mixed
tile	0	2	0.187332	mixed
tile	1	2	0.464254	mixed
tile	2	2	0.337128	mixed
tile	3	2	0.254065	mixed
tile	4	2	0.231954	mixed
tile	5	2	0.209755	mixed
tile	6	2	0.198555	mixed
tile	7	2	0.190224	mixed
tile	8	2	0.187339	mixed
tile	9	2	0.185246	mixed
tile	10	2	0.200382	mixed
tile	11	2	0.194066	mixed
tile	12	2	0.187384	mixed
tile	13	2	0.188468	mixed
tile	14	2	0.187867	mixed
tile	15	2	0.190449	mixed
tile	16	2	0.189079	mixed
tile	17	2	0.187926	mixed
tile	18	2	0.188505	mixed
tile	19	2	0.207609	mixed
tile	20	2	0.191002	mixed
tile	0	3	0.192881	mixed
tile	1	3	0.496582	mixed
tile	2	3	0.313395	mixed
tile	3	3	0.288227	mixed
tile	4	3	0.234321	mixed
tile	5	3	0.214605	mixed
tile	6	3	0.201288	mixed
tile	7	3	0.194845	mixed
tile	8	3	0.190477	mixed
tile	9	3	0.183391	mixed
tile	10	3	0.183894	mixed
tile	11	3	0.193474	mixed
tile	12	3	0.192547	mixed
tile	13	3	0.195450	mixed
tile	14	3	0.187997	mixed
tile	15	3	0.228862	mixed
tile	16	3	0.204480	mixed
tile	17	3	0.192114	mixed
tile	18	3	0.194955	mixed
tile	19	3	0.197506	mixed
tile	20	3	0.190243	mixed
tile	0	4	0.206194	mixed
tile	1	4	0.492653	mixed
tile	2	4	0.315659	mixed
tile	3	4	0.270478	mixed
tile	4	4	0.231125	mixed
tile	5	4	0.213663	mixed
tile	6	4	0.202649	mixed
tile	7	4	0.195802	mixed
tile	8	4	0.189802	mixed
tile	9	4	0.190428	mixed
tile	10	4	0.199187	mixed
tile	11	4	0.186872	mixed
tile	12	4	0.188232	mixed
tile	13	4	0.196868	mixed
tile	14	4	0.189398	mixed
tile	15	4	0.189721	mixed
tile	16	4	0.190243	mixed
tile	17	4	0.191736	mixed
tile	18	4	0.189007	mixed
tile	19	4	0.190612	mixed
tile	20	4	0.189818	mixed
quarter	0	0	0.170155	mixed
quarter	1	0	0.429648	mixed
quarter	2	0	0.278423	mixed
quarter	3	0	0.236636	mixed
quarter	4	0	0.206495	mixed
quarter	5	0	0.190743	mixed
quarter	6	0	0.185200	mixed
quarter	7	0	0.174695	mixed
quarter	8	0	0.166768	mixed
quarter	9	0	0.168129	mixed
quarter	10	0	0.165345	mixed
quarter	11	0	0.168455	mixed
quarter	12	0	0.172808	mixed
quarter	13	0	0.174134	mixed
quarter	14	0	0.173086	mixed
quarter	15	0	0.166610	mixed
quarter	16	0	0.170636	mixed
quarter	17	0	0.173469	mixed
quarter	18	0	0.166507	mixed
quarter	19	0	0.173252	mixed
quarter	20	0	0.169287	mixed
quarter	0	1	0.169466	mixed
quarter	1	1	0.434537	mixed
quarter	2	1	0.285817	mixed
quarter	3	1	0.233637	mixed
quarter	4	1	0.205947	mixed
quarter	5	1	0.187563	mixed
quarter	6	1	0.182365	mixed
quarter	7	1	0.168416	mixed
quarter	8	1	0.167787	mixed
quarter	9	1	0.171715	mixed
quarter	10	1	0.167122	mixed
quarter	11	1	0.170075	mixed
quarter	12	1	0.164542	mixed
quarter	13	1	0.165526	mixed
quarter	14	1	0.167388	mixed
quarter	15	1	0.167259	mixed
quarter	16	1	0.165174	mixed
quarter	17	1	0.170643	mixed
quarter	18	1	0.170988	mixed
quarter	19	1	0.168037	mixed
quarter	20	1	0.166104	mixed
quarter	0	2	0.170886	mixed
quarter	1	2	0.440181	mixed
quarter	2	2	0.274582	mixed
quarter	3	2	0.230443	mixed
quarter	4	2	0.206585	mixed
quarter	5	2	0.192684	mixed
quarter	6	2	0.178437	mixed
quarter	7	2	0.181765	mixed
quarter	8	2	0.167301	mixed
quarter	9	2	0.171826	mixed
quarter	10	2	0.170709	mixed
quarter	11	2	0.168240	mixed
quarter	12	2	0.168173	mixed
quarter	13	2	0.170704	mixed
quarter	14	2	0.168410	mixed
quarter	15	2	0.168148	mixed
quarter	16	2	0.168897	mixed
quarter	17	2	0.176740	mixed
quarter	18	2	0.167417	mixed
quarter	19	2	0.168338	mixed
quarter	20	2	0.163927	mixed
quarter	0	3	0.176795	mixed
quarter	1	3	0.453601	mixed
quarter	2	3	0.277635	mixed
quarter	3	3	0.224158	mixed
quarter	4	3	0.204657	mixed
quarter	5	3	0.188307	mixed
quarter	6	3	0.180162	mixed
quarter	7	3	0.170495	mixed
quarter	8	3	0.163583	mixed
quarter	9	3	0.166088	mixed
quarter	10	3	0.168470	mixed
quarter	11	3	0.165954	mixed
quarter	12	3	0.164377	mixed
quarter	13	3	0.166354	mixed
quarter	14	3	0.172237	mixed
quarter	15	3	0.168363	mixed
quarter	16	3	0.164623	mixed
quarter	17	3	0.167051	mixed
quarter	18	3	0.169718	mixed
quarter	19	3	0.165417	mixed
quarter	20	3	0.167215	mixed
quarter	0	4	0.172382	mixed
quarter	1	4	0.440275	mixed
quarter	2	4	0.276976	mixed
quarter	3	4	0.228591	mixed
quarter	4	4	0.204412	mixed
quarter	5	4	0.186617	mixed
quarter	6	4	0.175646	mixed
quarter	7	4	0.169653	mixed
quarter	8	4	0.167074	mixed
quarter	9	4	0.168274	mixed
quarter	10	4	0.180620	mixed
quarter	11	4	0.171610	mixed
quarter	12	4	0.165552	mixed
quarter	13	4	0.170029	mixed
quarter	14	4	0.169209	mixed
quarter	15	4	0.168996	mixed
quarter	16	4	0.172369	mixed
quarter	17	4	0.165891	mixed
quarter	18	4	0.170693	mixed
quarter	19	4	0.193544	mixed
quarter	20	4	0.171787	mixed
