t_s,rss_gb,swap_gb
5,3.262,12.669
10,4.020,14.683
15,10.421,18.743
22,7.531,18.743
27,6.048,22.799
33,13.161,22.783
38,8.872,22.744
43,6.691,23.478
48,8.753,23.063
53,6.480,23.212
58,8.512,23.004
64,7.966,23.683
69,7.627,23.605
74,7.619,24.346
80,7.246,24.283
85,7.309,26.285
90,8.515,26.074
95,7.371,26.410
101,9.494,26.394
106,6.734,26.056
112,6.987,26.854
118,6.978,25.816
123,9.428,26.019
128,6.165,26.776
133,7.781,25.261
138,8.658,24.206
143,6.182,24.788
149,6.762,24.554
154,9.115,23.921
159,11.577,23.234
164,8.739,22.945
169,6.291,24.182
174,6.335,25.420
179,6.402,26.818
184,6.297,28.401
189,6.070,29.702
