t,footprint_bytes,swap_mb
1790950291.792,8651208,17447.81
1790950292.052,75579920,
1790950292.315,627622848,17447.81
1790950292.570,1054262520,
1790950292.927,1636272024,17447.81
1790950293.193,1636272024,
1790950293.484,3334917336,17447.81
1790950293.735,5195780896,
1790950294.010,1881540672,17447.81
1790950294.273,1769752544,
1790950294.553,1897384096,17447.81
1790950294.813,4542845080,
1790950295.071,3399127120,17447.81
1790950295.331,1903364160,
1790950295.688,1903364160,17447.81
1790950295.945,3896757872,
1790950296.208,5334373248,17447.81
1790950296.469,1437435608,
1790950296.729,1400899240,17447.81
1790950296.986,2537409128,
1790950297.250,1026999520,17447.81
1790950297.510,1042400480,
1790950297.773,1069237520,17447.81
1790950298.033,1099384128,
1790950298.295,1129891160,17447.81
1790950298.560,1165215088,
1790950298.821,1190151584,17447.81
1790950299.082,1219151264,
1790950299.341,1248445904,17447.81
1790950299.594,1278543312,
1790950299.853,1304511952,17447.81
1790950300.113,1162872272,
1790950300.373,1176225328,17447.81
1790950300.633,1200457384,
1790950300.895,1245005600,17447.81
1790950301.153,1304741832,
1790950301.413,1293453376,17447.81
1790950301.676,1392560336,
1790950301.937,1349011736,17447.81
1790950302.191,1383876984,
1790950302.448,1392085392,17447.81
1790950302.708,753534920,
1790950302.964,825755688,17447.81
1790950303.221,825755688,
1790950303.485,953075848,17447.81
1790950303.735,1013696720,
1790950303.999,1068075240,17447.81
1790950304.259,1109805312,
1790950304.523,1162643760,17447.81
1790950304.783,1226574176,
1790950305.040,1226885472,17447.81
1790950305.300,1288653200,
1790950305.564,1345178024,17447.81
1790950305.815,1356892608,
1790950306.076,1356892608,17447.81
1790950306.336,1356892608,
1790950306.596,1356892608,17447.81
1790950306.856,969263528,
1790950307.141,1111394800,17447.81
1790950307.396,1111394800,
1790950307.674,1111394800,17447.81
1790950307.931,1111394800,
1790950308.324,1111394800,17447.81
1790950308.584,1111345648,
1790950308.843,1135577680,17447.81
1790950309.103,1159514752,
1790950309.367,1169820288,17447.81
1790950309.627,1186613888,
1790950309.890,1194101376,17447.81
1790950310.151,1215859328,
1790950310.414,1234782872,17447.81
1790950310.671,993004088,
1790950310.927,1197787704,17447.81
1790950311.187,1233144400,
1790950311.451,1264142952,17447.81
1790950311.711,1299499648,
1790950311.965,1333316248,17447.81
1790950312.225,1365822128,
1790950312.488,1394510536,17447.81
1790950312.748,1029917216,
1790950313.013,1870351456,17447.81
1790950313.266,1896877176,
1790950313.530,1951304848,17447.81
1790950313.782,2005109952,
1790950314.046,2044841200,17447.81
1790950314.306,2108067104,
1790950314.569,2167967032,17447.81
1790950314.829,2014547184,
1790950315.093,1032014392,17447.81
1790950315.353,1247644360,
1790950315.617,1287572192,17447.81
1790950315.868,1330187000,
1790950316.126,1373211408,17447.81
1790950316.386,1382255376,
1790950316.649,1457244992,17447.81
1790950316.909,1521372016,
1790950317.173,1599359928,17447.81
1790950317.433,888392128,
1790950317.691,1166871168,17447.81
1790950317.952,1450609472,
1790950318.215,1518373792,17447.81
1790950318.467,1575308240,
