quarter	0	0	0.163280	battery
quarter	1	0	0.410677	battery
quarter	2	0	0.265838	battery
quarter	3	0	0.238016	battery
quarter	4	0	0.197839	battery
quarter	5	0	0.184309	battery
quarter	6	0	0.173353	battery
quarter	7	0	0.165162	battery
quarter	8	0	0.161380	battery
quarter	9	0	0.164242	battery
quarter	10	0	0.164937	battery
quarter	11	0	0.164209	battery
quarter	12	0	0.164626	battery
quarter	13	0	0.163719	battery
quarter	14	0	0.163426	battery
quarter	15	0	0.164310	battery
quarter	16	0	0.163594	battery
quarter	17	0	0.165840	battery
quarter	18	0	0.162784	battery
quarter	19	0	0.165630	battery
quarter	20	0	0.165256	battery
quarter	0	1	0.163396	battery
quarter	1	1	0.428488	battery
quarter	2	1	0.266362	battery
quarter	3	1	0.219317	battery
quarter	4	1	0.198472	battery
quarter	5	1	0.183422	battery
quarter	6	1	0.173855	battery
quarter	7	1	0.166966	battery
quarter	8	1	0.164085	battery
quarter	9	1	0.161863	battery
quarter	10	1	0.160555	battery
quarter	11	1	0.167797	battery
quarter	12	1	0.158646	battery
quarter	13	1	0.170974	battery
quarter	14	1	0.166283	battery
quarter	15	1	0.161665	battery
quarter	16	1	0.163108	battery
quarter	17	1	0.160814	battery
quarter	18	1	0.178670	battery
quarter	19	1	0.159924	battery
quarter	20	1	0.163360	battery
quarter	0	2	0.161680	battery
quarter	1	2	0.410169	battery
quarter	2	2	0.266478	battery
quarter	3	2	0.220670	battery
quarter	4	2	0.198377	battery
quarter	5	2	0.204723	battery
quarter	6	2	0.174507	battery
quarter	7	2	0.167616	battery
quarter	8	2	0.161108	battery
quarter	9	2	0.164165	battery
quarter	10	2	0.166252	battery
quarter	11	2	0.166285	battery
quarter	12	2	0.159092	battery
quarter	13	2	0.164523	battery
quarter	14	2	0.164703	battery
quarter	15	2	0.164471	battery
quarter	16	2	0.160950	battery
quarter	17	2	0.165460	battery
quarter	18	2	0.165898	battery
quarter	19	2	0.165309	battery
quarter	20	2	0.165673	battery
quarter	0	3	0.164804	battery
quarter	1	3	0.412373	battery
quarter	2	3	0.266020	battery
quarter	3	3	0.218621	battery
quarter	4	3	0.199147	battery
quarter	5	3	0.182786	battery
quarter	6	3	0.173531	battery
quarter	7	3	0.166313	battery
quarter	8	3	0.162597	battery
quarter	9	3	0.161036	battery
quarter	10	3	0.165968	battery
quarter	11	3	0.163437	battery
quarter	12	3	0.166888	battery
quarter	13	3	0.158928	battery
quarter	14	3	0.166833	battery
quarter	15	3	0.225574	battery
quarter	16	3	0.164810	battery
quarter	17	3	0.173951	battery
quarter	18	3	0.160199	battery
quarter	19	3	0.170797	battery
quarter	20	3	0.165480	battery
quarter	0	4	0.170172	battery
quarter	1	4	0.450706	battery
quarter	2	4	0.297875	battery
quarter	3	4	0.241891	battery
quarter	4	4	0.218338	battery
quarter	5	4	0.201151	battery
quarter	6	4	0.185096	battery
quarter	7	4	0.180186	battery
quarter	8	4	0.175529	battery
quarter	9	4	0.176393	battery
quarter	10	4	0.182848	battery
quarter	11	4	0.175420	battery
quarter	12	4	0.159556	battery
quarter	13	4	0.163542	battery
quarter	14	4	0.160509	battery
quarter	15	4	0.165683	battery
quarter	16	4	0.161233	battery
quarter	17	4	0.164113	battery
quarter	18	4	0.163339	battery
quarter	19	4	0.174413	battery
quarter	20	4	0.168675	battery
tile	0	0	0.190660	battery
tile	1	0	0.465658	battery
tile	2	0	0.299551	battery
tile	3	0	0.254138	battery
tile	4	0	0.232980	battery
tile	5	0	0.210331	battery
tile	6	0	0.198187	battery
tile	7	0	0.191679	battery
tile	8	0	0.185084	battery
tile	9	0	0.183759	battery
tile	10	0	0.185621	battery
tile	11	0	0.197050	battery
tile	12	0	0.185856	battery
tile	13	0	0.186555	battery
tile	14	0	0.186064	battery
tile	15	0	0.185271	battery
tile	16	0	0.185764	battery
tile	17	0	0.186405	battery
tile	18	0	0.186042	battery
tile	19	0	0.186046	battery
tile	20	0	0.184512	battery
tile	0	1	0.210679	battery
tile	1	1	0.500862	battery
tile	2	1	0.329214	battery
tile	3	1	0.271603	battery
tile	4	1	0.233490	battery
tile	5	1	0.212295	battery
tile	6	1	0.200906	battery
tile	7	1	0.188529	battery
tile	8	1	0.190850	battery
tile	9	1	0.189059	battery
tile	10	1	0.209103	battery
tile	11	1	0.188246	battery
tile	12	1	0.196152	battery
tile	13	1	0.202176	battery
tile	14	1	0.185554	battery
tile	15	1	0.188082	battery
tile	16	1	0.186645	battery
tile	17	1	0.187219	battery
tile	18	1	0.181374	battery
tile	19	1	0.187434	battery
tile	20	1	0.188164	battery
tile	0	2	0.185587	battery
tile	1	2	0.461826	battery
tile	2	2	0.307337	battery
tile	3	2	0.258068	battery
tile	4	2	0.229717	battery
tile	5	2	0.211625	battery
tile	6	2	0.198500	battery
tile	7	2	0.193570	battery
tile	8	2	0.185254	battery
tile	9	2	0.186667	battery
tile	10	2	0.186231	battery
tile	11	2	0.184642	battery
tile	12	2	0.185333	battery
tile	13	2	0.184048	battery
tile	14	2	0.184514	battery
tile	15	2	0.185949	battery
tile	16	2	0.189620	battery
tile	17	2	0.201251	battery
tile	18	2	0.297935	battery
tile	19	2	0.203132	battery
tile	20	2	0.191530	battery
tile	0	3	0.193252	battery
tile	1	3	0.726040	battery
tile	2	3	0.355984	battery
tile	3	3	0.285751	battery
tile	4	3	0.252349	battery
tile	5	3	0.236649	battery
tile	6	3	0.211472	battery
tile	7	3	0.207681	battery
tile	8	3	0.205928	battery
tile	9	3	0.191105	battery
tile	10	3	0.207890	battery
tile	11	3	0.192970	battery
tile	12	3	0.235322	battery
tile	13	3	0.196448	battery
tile	14	3	0.198683	battery
tile	15	3	0.197378	battery
tile	16	3	0.273962	battery
tile	17	3	0.207483	battery
tile	18	3	0.231984	battery
tile	19	3	0.213710	battery
tile	20	3	0.206637	battery
tile	0	4	0.202946	battery
tile	1	4	0.493541	battery
tile	2	4	0.329216	battery
tile	3	4	0.266207	battery
tile	4	4	0.238437	battery
tile	5	4	0.216817	battery
tile	6	4	0.202071	battery
tile	7	4	0.191067	battery
tile	8	4	0.193449	battery
tile	9	4	0.184931	battery
tile	10	4	0.187546	battery
tile	11	4	0.199171	battery
tile	12	4	0.184709	battery
tile	13	4	0.184800	battery
tile	14	4	0.199755	battery
tile	15	4	0.185809	battery
tile	16	4	0.193310	battery
tile	17	4	0.186350	battery
tile	18	4	0.188113	battery
tile	19	4	0.190840	battery
tile	20	4	0.196141	battery
