station,name,nve_poly_km2,placed_on,distance_m,objectid,lake,confluence_near,lowered_nodes,lowered_max_m,node_offset_m,swing,direction_ok,causes,well_posed_first,refusal
2.11.0,Narsjø,119.4332,any,83.9,12252329,True,True,74,1.076,2.0,6.0817,True,swing;chain_not_draining;chain_end_open,False,
2.32.0,Atnasjø,463.303,any,93.8,10794796,True,False,133,0.218,11.6,0.0,True,downstream_unread;chain_not_draining,False,
2.142.0,Knappom,1643.02,any,13.1,10794019,False,False,112,0.618,21.7,0.0,True,downstream_unread;chain_not_draining,False,
2.265.0,Unsetåa,620.2048,any,1.0,12247278,False,False,31,1.551,3.9,0.0,True,downstream_unread;chain_not_draining,False,
2.279.0,Kråkfoss,434.4843,any,30.8,12245819,False,False,90,1.558,6.6,0.0007,True,chain_not_draining,False,
2.284.0,Sælatunga,457.5181,any,18.5,12246912,False,False,37,22.704,1.9,0.0,True,downstream_unread,False,
2.290.0,Brustuen,254.0055,any,14.3,12244886,False,False,12,0.279,5.9,0.0,True,downstream_unread;chain_not_draining,False,
2.303.0,Dombås,493.8505,any,8.8,12240266,False,False,26,2.305,8.0,0.5185,True,swing;downstream_unread;chain_not_draining,False,
2.439.0,Kvarstadseter,375.0623,any,21.0,12243555,False,False,110,1.203,15.0,0.0,True,downstream_unread;chain_not_draining,False,
2.633.0,Stortorp,87.1944,any,0.6,12228837,False,True,98,3.543,5.3,0.0,True,downstream_unread;chain_not_draining,False,
3.22.0,Høgfoss,299.8053,any,40.3,10848183,False,False,110,1.627,4.4,0.0,True,downstream_unread;chain_end_open,False,
6.10.0,Gryta,7.0611,any,10.5,10918353,False,True,35,7.092,3.0,0.0,True,downstream_unread;chain_not_draining,False,
11.4.0,Elgtjern,7.0845,any,26.9,10853144,True,False,57,0.432,7.1,0.0,True,downstream_unread;chain_not_draining,False,
12.70.0,Etna,568.5308,any,21.5,12425367,False,False,34,0.421,2.7,0.0,True,downstream_unread;chain_not_draining,False,
12.171.0,Hølervatn,79.4456,any,1.7,12441455,True,False,102,0.302,4.9,0.0,True,downstream_unread;chain_not_draining,False,
12.178.0,Eggedal,310.5887,any,14.2,10801783,True,False,89,3.839,13.7,0.0,True,downstream_unread;chain_not_draining,False,
12.188.0,Langtjernbekk,4.6735,any,30.6,12412052,False,False,103,0.665,11.0,1.0,True,swing;chain_not_draining,False,
12.192.0,Sundbyfoss,74.7954,any,5.6,12447060,False,False,87,0.381,7.5,0.0,True,downstream_unread;chain_not_draining,False,
12.193.0,Fiskum,51.5354,any,5.7,12420164,False,False,33,0.979,3.5,0.0,True,downstream_unread;chain_not_draining,False,
12.197.0,Grunke,184.6911,any,77.0,12434473,True,False,86,0.313,16.7,0.0,True,downstream_unread;chain_not_draining,False,
12.207.0,Vinde-elv,269.8754,any,0.7,12426319,False,False,13,1.24,5.6,0.0,True,downstream_unread;chain_not_draining,False,
12.215.0,Storeskar,119.6705,any,15.6,12425884,False,False,62,0.18,5.4,0.0,True,downstream_unread;chain_not_draining,False,
15.21.0,Jondalselv,126.7609,any,17.2,11453274,False,False,90,1.038,5.9,0.0,True,downstream_unread;chain_not_draining,False,
15.49.0,Halledalsvatn,59.3781,any,10.7,11453116,False,False,103,0.4,1.7,0.0,True,downstream_unread;chain_not_draining,False,
16.66.0,Grosettjern,6.5467,any,10.2,12014607,True,True,96,0.646,7.7,0.0,True,downstream_unread;chain_not_draining,False,
16.122.0,Grovåi,42.1638,any,4.0,12010509,False,False,75,0.422,5.0,0.0,True,downstream_unread;chain_not_draining,False,
16.127.0,Viertjern,46.721,any,11.7,12011779,False,False,76,0.565,1.8,0.0,True,downstream_unread;chain_not_draining,False,
16.194.0,Kilen,118.0842,any,20.0,12012649,False,False,12,0.08,3.3,0.0,True,downstream_unread;chain_not_draining,False,
18.10.0,Gjerstad,236.1974,any,21.5,10922640,False,False,79,1.983,6.5,0.0,True,downstream_unread;chain_not_draining,False,
18.11.0,Tjellingtjernbekk,1.9541,any,9.5,10920319,False,False,74,1.45,12.9,0.0025,True,,True,
19.79.0,Gravå,6.1474,any,49.1,12274700,False,False,3,0.382,2.0,0.0,True,downstream_unread;chain_not_draining,False,
19.80.0,Stigvassåi,14.4865,any,7.2,12283593,False,False,56,0.744,7.8,0.0,True,downstream_unread;chain_not_draining,False,
19.82.0,Rauåna,8.9078,any,6.8,12278744,False,False,24,0.946,4.5,0.0,True,downstream_unread;chain_not_draining,False,
19.96.0,Storgama ovf.,0.5838,any,4.3,12277941,False,False,34,0.621,14.7,0.5,True,swing;chain_not_draining,False,
19.104.0,Songedalsåi,65.6341,any,12.7,10797302,False,False,94,0.37,4.3,0.0,True,downstream_unread;chain_not_draining,False,
20.2.0,Austenå,277.202,any,15.5,11641750,False,False,44,0.156,2.8,0.0,True,downstream_unread,False,
20.11.0,Tveitdalen,0.4388,any,32.5,11639980,False,False,14,0.658,2.8,137.7188,True,swing;chain_not_draining,False,
22.16.0,Myglevatn ndf.,182.1866,any,60.0,11816019,False,False,98,0.132,10.5,0.0,True,downstream_unread;chain_not_draining,False,
22.22.0,Søgne,203.0449,any,9.5,11815974,False,False,92,1.018,8.2,0.0,True,downstream_unread;chain_not_draining,False,
24.8.0,Møska (Skolandsvatnet),120.9143,any,35.5,10880938,True,False,121,0.162,15.1,0.0,True,downstream_unread;chain_not_draining,False,
24.9.0,Tingvatn (Lygne),272.192,any,164.8,10746896,True,True,164,0.215,5.1,-0.0302,True,chain_not_draining;chain_end_open,False,
26.29.0,Refsvatn,53.168,any,10.8,12074698,True,False,102,0.115,2.0,0.0,True,downstream_unread;chain_not_draining,False,
27.15.0,Austrumdal (Austrumdalsvatnet),60.8482,any,17.0,11786828,True,False,115,0.285,3.4,0.0,True,downstream_unread;chain_not_draining,False,
35.9.0,Osali (Botnavatnet),22.4779,any,29.7,11958204,True,False,62,1.873,13.7,0.0038,True,,True,
35.16.0,Djupadalsvatn,45.3381,any,36.5,11953598,False,False,102,0.722,3.7,0.0005,True,chain_end_open,False,
36.13.0,Grimsvatn,34.3629,any,4.3,12149335,True,False,108,2.161,1.1,0.0,True,downstream_unread;chain_not_draining;chain_end_open,False,
38.1.0,Holmen,116.6619,any,6.9,10891497,False,True,93,5.036,11.7,0.0,True,downstream_unread;chain_not_draining;chain_end_open,False,
41.8.0,Hellaugvatn,27.5367,any,110.3,11233817,False,False,7,0.511,4.3,0.975,True,swing;chain_not_draining,False,
42.2.0,Djupevad,30.9892,any,11.7,11417215,False,False,69,1.927,6.3,0.0,True,downstream_unread;chain_not_draining,False,
48.1.0,Sandvenvatn,469.633,any,252.4,10872681,True,False,83,0.598,11.2,714.7333,True,swing;chain_not_draining;chain_end_open,False,
48.5.0,Reinsnosvatn,120.2501,any,126.0,10872339,True,False,88,1.981,13.2,0.9744,True,swing;chain_not_draining;chain_end_open,False,
50.1.0,Hølen,231.3772,any,32.1,10807705,True,False,66,1.848,23.7,0.0,True,downstream_unread;chain_not_draining,False,
55.4.0,Røykenes,50.1556,any,8.7,11778341,False,True,95,0.342,5.0,0.0013,True,,True,
62.18.0,Svartavatn,72.3623,any,97.2,11866509,False,False,111,2.441,5.5,0.1176,True,swing;downstream_unread;chain_not_draining;chain_end_open,False,
62.5.0,Bulken (Vangsvatnet),1091.3367,any,282.1,10778058,True,False,180,6.827,25.1,-0.0115,False,chain_not_draining;chain_end_open;direction,False,
62.10.0,Myrkdalsvatn,157.5942,any,9.1,11873021,True,False,107,19.981,5.6,0.0,True,downstream_unread;chain_not_draining,False,
62.14.0,Slondalsvatn,41.8215,any,15.4,11874042,True,False,104,0.211,13.1,0.0,True,downstream_unread;chain_not_draining,False,
62.15.0,Kinne,510.9302,any,11.8,10777966,False,False,25,0.158,15.2,0.9985,True,swing;chain_not_draining,False,
73.21.0,Frostdalen,25.7687,any,14.7,11793496,False,False,16,1.252,6.2,0.0,True,downstream_unread;chain_not_draining,False,
73.27.0,Sula,30.4411,any,12.0,11789696,False,True,13,0.868,12.5,0.6364,True,swing;chain_not_draining,False,
76.5.0,Nigardsbrevatn,65.2278,any,37.1,11546723,True,True,111,0.141,19.3,0.0,True,downstream_unread;chain_not_draining,False,
77.3.0,Sogndalsvatn,111.51,any,25.5,10791538,True,False,125,0.155,3.4,22.0,True,swing;chain_not_draining;chain_end_open,False,
79.3.0,Nessedalselv,30.1666,any,1.3,11509359,False,False,69,0.716,1.1,0.5385,True,swing;downstream_unread;chain_not_draining,False,
81.1.0,Hersvikvatn (Hagevatnet),7.0562,any,200.5,10931254,True,False,55,1.91,22.2,1.1765,True,swing;downstream_unread;chain_not_draining,False,
82.4.0,Nautsundvatn,218.7992,any,21.3,11623821,True,False,36,0.896,28.5,0.0076,True,chain_not_draining;chain_end_open,False,
83.2.0,Viksvatn (Hestadfjorden),507.945,any,66.3,10756596,True,False,122,3.151,24.5,0.0,True,downstream_unread;chain_not_draining,False,
83.6.0,Byttevatn,104.4752,any,30.6,11370484,False,True,32,1.355,28.0,285.5,True,swing;chain_not_draining;chain_end_open,False,
83.7.0,Grønengstølsvatn,65.5074,any,131.5,11372177,True,False,92,0.628,23.4,0.0,True,downstream_unread;chain_not_draining,False,
83.12.0,Haukedalsvatn ndf.,205.3202,any,12.7,10756514,False,True,88,0.529,1.2,0.0,True,downstream_unread;chain_not_draining,False,
84.20.0,Holsenvatn,71.1657,any,108.8,10777239,True,True,123,1.254,24.6,0.1203,True,swing,False,
85.4.0,Straumstad (Solheimsvatnet),109.6666,any,40.1,10762660,True,False,155,1.917,20.7,0.6667,True,swing;chain_not_draining;chain_end_open,False,
86.10.0,Åvatn (Ommedalsvatnet),162.1167,any,38.5,11710268,True,False,17,0.313,11.1,0.7931,True,swing;chain_not_draining,False,
86.12.0,Skjerdalselv,23.6604,any,10.7,11710134,False,False,19,0.764,4.0,0.0,True,downstream_unread;chain_not_draining,False,
87.10.0,Gloppenelv v/Bergheim,218.503,any,17.3,10765152,False,True,79,0.437,4.7,0.0,True,downstream_unread;chain_not_draining,False,
88.4.0,Lovatn,234.8808,any,54.0,10753781,True,False,110,41.394,6.4,0.0,True,downstream_unread;chain_not_draining,False,
88.11.0,Strynsvatn,485.0841,any,222.4,11207485,False,False,35,1.232,6.8,0.0387,True,chain_not_draining;chain_end_open,False,
88.30.0,Nordre Oldevatn,201.6682,any,115.5,10753790,True,False,173,0.313,24.1,0.0,True,downstream_unread;chain_not_draining;chain_end_open,False,
97.1.0,Fetvatn (Fitjavatnet),89.0479,any,20.1,10777522,True,False,169,2.008,15.4,0.0,True,downstream_unread;chain_not_draining;chain_end_open,False,
98.4.0,Øye ndf.,139.2214,any,17.6,11468193,False,False,66,1.659,6.2,0.0,True,downstream_unread;chain_not_draining,False,
101.1.0,Engsetvatn,39.9099,any,3.4,12155230,False,False,106,2.521,4.3,0.0008,True,,True,
103.1.0,Ulvåa v/Storhølen,435.3109,any,29.4,11606251,False,False,34,6.528,4.8,0.0,True,downstream_unread;chain_not_draining,False,
104.23.0,Vistdal,66.51,any,10.8,11505828,False,False,6,0.366,3.4,0.0,True,downstream_unread;chain_not_draining,False,
105.1.0,Osenelv v/Øren,138.1322,any,19.6,11396948,False,False,49,0.202,2.4,0.0209,True,,True,
109.9.0,Driva v/Risefoss,744.381,any,14.8,11178175,False,False,26,8.921,5.0,0.0,True,downstream_unread;chain_not_draining,False,
109.21.0,Driva v/Svoni,135.9625,any,18.6,11178172,False,False,20,0.301,6.0,0.0,True,downstream_unread;chain_not_draining,False,
112.8.0,Rinna,87.877,any,19.1,11556970,False,False,44,2.847,5.3,0.0,True,downstream_unread,False,
121.20.0,Åmot,282.6915,any,39.7,11577217,False,False,89,0.828,14.4,0.0,True,downstream_unread;chain_not_draining,False,
122.11.0,Eggafoss,655.1768,any,3.9,10788924,False,True,34,1.92,17.5,0.0,True,downstream_unread;chain_not_draining,False,
122.14.0,Lillebudal bru,168.1088,any,1.5,12122445,False,True,27,1.295,12.5,0.0,True,downstream_unread;chain_not_draining,False,
122.17.0,Hugdal bru,545.9113,any,33.0,10788957,False,False,13,0.019,16.7,0.5156,True,swing;downstream_unread;chain_not_draining,False,
124.2.0,Høggås bru,494.5321,any,7.6,11615975,False,False,20,0.733,11.3,0.0,True,downstream_unread;chain_not_draining,False,
127.11.0,Veravatn,175.52,any,134.5,10865324,True,False,118,0.273,22.8,0.0,True,downstream_unread;chain_not_draining,False,
128.9.0,Leksdalsvatn,178.3841,any,461.5,10965665,True,False,137,1.732,19.7,0.0,True,downstream_unread;chain_not_draining;chain_end_open,False,
133.7.0,Krinsvatn (Kringsvatnet),205.6695,any,77.6,11215489,True,False,137,0.387,13.0,0.0,True,downstream_unread;chain_not_draining;chain_end_open,False,
138.1.0,Øyungen,238.925,any,265.6,11191638,True,False,175,0.211,14.8,0.6,True,swing;downstream_unread;chain_not_draining;chain_end_open,False,
139.35.0,Trangen,852.27,any,34.6,11686031,False,False,33,0.047,8.2,0.0,True,downstream_unread;chain_not_draining,False,
140.2.0,Salsvatn,432.1202,any,448.1,10989254,True,False,170,0.319,7.6,0.3609,True,swing,False,
148.2.0,Mevatnet,108.9021,any,20.3,10754147,False,False,97,1.612,4.3,0.0,True,downstream_unread;chain_not_draining,False,
150.1.0,Sørra,6.5825,any,0.5,11001166,False,False,56,3.841,1.5,0.0013,True,chain_not_draining,False,
151.13.0,Øvre Glugvatn,60.651,any,137.5,11736666,True,False,113,0.259,30.0,-0.3,True,chain_not_draining;chain_end_open,False,
151.15.0,Nervoll,654.9609,any,27.8,11731683,False,True,59,1.797,5.3,0.0,True,downstream_unread;chain_not_draining,False,
152.4.0,Fustvatn,525.8416,any,224.7,12383627,True,False,131,0.124,23.3,0.0521,True,swing,False,
153.1.0,Storvatn,49.0574,any,19.6,11197607,False,False,62,2.557,6.4,0.0,True,downstream_unread;chain_not_draining,False,
156.24.0,Bogvatn,36.8544,any,42.6,11767237,False,True,93,0.713,0.5,0.0,True,downstream_unread;chain_not_draining,False,
156.15.0,Forsbakk,56.2462,any,16.3,11765049,False,False,19,3.841,13.2,0.0,True,downstream_unread;chain_not_draining,False,
168.3.0,Lakså bru,26.8083,any,10.6,11500985,False,False,116,0.215,3.5,0.0,True,downstream_unread;chain_not_draining,False,
172.8.0,Rauvatn,19.9362,any,88.8,12051175,True,False,112,1.492,4.7,0.9998,True,swing;downstream_unread;chain_not_draining;chain_end_open,False,
177.4.0,Sneisvatn,29.2915,any,152.0,11040380,True,False,139,0.214,23.0,0.7922,True,swing;chain_not_draining;chain_end_open,False,
178.1.0,Langvatn,18.6736,any,222.3,11160737,True,False,150,0.293,14.4,0.6744,True,swing;chain_not_draining;chain_end_open,False,
185.1.0,Gåslandsvatn,7.7428,any,20.6,11030081,True,False,123,1.568,7.0,0.0,True,downstream_unread;chain_not_draining,False,
186.2.0,Ånesvatn,46.8724,any,328.3,11264964,True,False,116,0.99,13.2,-0.75,True,chain_not_draining;chain_end_open,False,
189.3.0,Tennevikvatn,85.2853,any,5.2,11031323,False,False,95,0.77,16.8,0.0,True,downstream_unread;chain_not_draining,False,
191.2.0,Øvrevatn,526.7757,any,25.0,11220643,False,False,39,1.52,4.0,4142.6667,True,swing;chain_not_draining;chain_end_open,False,
196.7.0,Ytre Fiskeløsvatn,54.5073,any,59.2,12098391,True,False,114,2.738,19.8,0.1101,True,swing,False,
196.11.0,Lille Rostavatn,637.3494,any,186.4,12080866,False,False,37,1.023,5.0,175.0455,True,swing;chain_not_draining,False,
200.4.0,Skogsfjordvatn,135.9648,any,8.0,11153436,False,False,52,0.481,15.9,8.6667,True,swing;chain_not_draining;chain_end_open,False,
203.2.0,Jægervatn,93.7486,any,42.9,11522081,True,False,161,0.474,11.7,0.3333,True,swing;chain_not_draining;chain_end_open,False,
205.6.0,Didnojokka,111.0383,any,3.4,11087380,False,False,6,0.55,5.3,0.0,True,downstream_unread,False,
206.3.0,Manndalen bru,200.4034,any,23.4,11518002,False,True,17,0.057,6.1,0.0,True,downstream_unread;chain_not_draining,False,
208.2.0,Oksfjordvatn,265.8278,any,111.5,11299595,False,False,52,1.228,10.5,0.0,True,downstream_unread;chain_not_draining;chain_end_open,False,
208.3.0,Svartfossberget,1932.4053,any,16.6,10754429,False,False,,,,,,,,"the request selects tiles on two lattices, 7707_2_10m_z33.tif and 7707_3_10m_z33.tif: 7707_3_10m_z33.tif is 0.5 cell (5 m) east-west off 7707_2_10m_z33.tif's lattice; tiles are not resampled onto one "
209.4.0,Lillefossen,330.6045,any,6.4,10751665,False,False,22,1.021,1.0,0.0,True,downstream_unread;chain_not_draining,False,
212.10.0,Masi,5618.3411,any,53.4,11063857,False,False,59,0.054,22.0,0.9333,True,swing;downstream_unread;chain_not_draining,False,
212.48.0,Sagafoss,234.2422,any,17.1,11064452,False,False,84,0.887,8.7,0.0,True,downstream_unread;chain_not_draining,False,
212.49.0,Halsnes,145.2187,any,14.7,11063631,False,False,,,,,,,,"the request selects tiles on two lattices, 7708_4_10m_z33.tif and 7707_1_10m_z33.tif: 7707_1_10m_z33.tif is 0.5 cell (5 m) east-west off 7708_4_10m_z33.tif's lattice; tiles are not resampled onto one "
213.2.0,Leirbotnvatn,135.1907,any,51.6,11109211,True,False,,,,,,,,"the request selects tiles on two lattices, 7708_4_10m_z33.tif and 7808_3_10m_z33.tif: 7808_3_10m_z33.tif is 0.5 cell (5 m) east-west off 7708_4_10m_z33.tif's lattice; tiles are not resampled onto one "
213.4.0,Kvalsund,124.8461,any,16.1,11110756,False,True,10,0.089,4.7,0.0,True,downstream_unread;chain_not_draining,False,
223.2.0,Lombola,873.8938,any,37.2,11321982,False,False,117,2.602,15.5,0.0,True,downstream_unread;chain_not_draining;chain_end_open,False,
234.13.0,"Veahkkava, Iesjokka",2081.0404,any,51.9,10828354,False,False,50,0.058,5.4,0.0,True,downstream_unread;chain_not_draining,False,
234.18.0,Polmak nye,14171.0175,any,158.3,10826055,False,False,60,2.819,4.8,0.0,True,downstream_unread;chain_not_draining,False,
237.1.0,Båtsfjord,23.1098,any,6.1,11241427,False,False,92,0.493,3.3,0.0,True,downstream_unread;chain_not_draining,False,
244.2.0,Neiden,2944.6235,any,51.7,10755496,False,False,36,0.153,10.4,0.0,True,downstream_unread;chain_not_draining,False,
246.9.0,Sametielv,254.7414,any,34.6,11566262,False,False,88,0.963,5.8,0.0,True,downstream_unread;chain_not_draining,False,
247.3.0,Karpelva,125.2876,any,9.8,11293212,False,False,29,0.484,3.8,0.0,True,downstream_unread;chain_not_draining,False,
307.5.0,Murusjø,346.2448,any,384.7,12374894,True,False,187,0.763,6.8,0.0,True,downstream_unread;chain_not_draining;chain_end_open,False,
307.7.0,Landbru,61.4873,any,0.9,12371457,False,False,39,6.27,5.8,0.0,True,downstream_unread;chain_not_draining,False,
308.1.0,Lenglingen,452.5426,any,9.0,11357998,True,False,17,0.607,15.7,0.6634,True,swing;chain_not_draining,False,
311.4.0,Femundsenden (Femunden),1788.6918,,,,,,,,,,,,,no river line within 500 m
311.6.0,Nybergsund,4418.0625,any,73.2,11334956,False,False,161,0.24,12.6,0.0,True,chain_not_draining;chain_end_open,False,
313.10.0,Magnor,357.857,any,19.3,11386814,False,False,91,0.732,4.8,0.0,True,downstream_unread;chain_not_draining,False,
