tile	0	0	0.191205	ac
tile	1	0	0.492766	ac
tile	2	0	0.325322	ac
tile	3	0	0.261849	ac
tile	4	0	0.235169	ac
tile	5	0	0.218259	ac
tile	6	0	0.205702	ac
tile	7	0	0.196728	ac
tile	8	0	0.191327	ac
tile	9	0	0.194756	ac
tile	10	0	0.186890	ac
tile	11	0	0.193215	ac
tile	12	0	0.190703	ac
tile	13	0	0.187484	ac
tile	14	0	0.194993	ac
tile	15	0	0.193789	ac
tile	16	0	0.187078	ac
tile	17	0	0.194507	ac
tile	18	0	0.193228	ac
tile	19	0	0.187265	ac
tile	20	0	0.193902	ac
tile	0	1	0.193937	ac
tile	1	1	0.484753	ac
tile	2	1	0.315668	ac
tile	3	1	0.259605	ac
tile	4	1	0.235390	ac
tile	5	1	0.219247	ac
tile	6	1	0.205339	ac
tile	7	1	0.196842	ac
tile	8	1	0.192926	ac
tile	9	1	0.188379	ac
tile	10	1	0.192932	ac
tile	11	1	0.189057	ac
tile	12	1	0.186810	ac
tile	13	1	0.192678	ac
tile	14	1	0.193094	ac
tile	15	1	0.186884	ac
tile	16	1	0.195470	ac
tile	17	1	0.193382	ac
tile	18	1	0.189676	ac
tile	19	1	0.194647	ac
tile	20	1	0.195260	ac
tile	0	2	0.188317	ac
tile	1	2	0.485298	ac
tile	2	2	0.314554	ac
tile	3	2	0.259661	ac
tile	4	2	0.235492	ac
tile	5	2	0.218160	ac
tile	6	2	0.207181	ac
tile	7	2	0.196054	ac
tile	8	2	0.193756	ac
tile	9	2	0.194162	ac
tile	10	2	0.192745	ac
tile	11	2	0.187902	ac
tile	12	2	0.191555	ac
tile	13	2	0.194613	ac
tile	14	2	0.191293	ac
tile	15	2	0.192614	ac
tile	16	2	0.194069	ac
tile	17	2	0.188032	ac
tile	18	2	0.196376	ac
tile	19	2	0.193177	ac
tile	20	2	0.189224	ac
tile	0	3	0.194359	ac
tile	1	3	0.492079	ac
tile	2	3	0.315259	ac
tile	3	3	0.262036	ac
tile	4	3	0.238201	ac
tile	5	3	0.218092	ac
tile	6	3	0.205228	ac
tile	7	3	0.196751	ac
tile	8	3	0.195666	ac
tile	9	3	0.194879	ac
tile	10	3	0.187302	ac
tile	11	3	0.193773	ac
tile	12	3	0.186905	ac
tile	13	3	0.191739	ac
tile	14	3	0.192750	ac
tile	15	3	0.188767	ac
tile	16	3	0.193888	ac
tile	17	3	0.193444	ac
tile	18	3	0.186801	ac
tile	19	3	0.194940	ac
tile	20	3	0.194766	ac
tile	0	4	0.189372	ac
tile	1	4	0.486861	ac
tile	2	4	0.313597	ac
tile	3	4	0.263596	ac
tile	4	4	0.236325	ac
tile	5	4	0.217457	ac
tile	6	4	0.207866	ac
tile	7	4	0.195656	ac
tile	8	4	0.190350	ac
tile	9	4	0.194378	ac
tile	10	4	0.191972	ac
tile	11	4	0.187254	ac
tile	12	4	0.192671	ac
tile	13	4	0.193098	ac
tile	14	4	0.186561	ac
tile	15	4	0.193453	ac
tile	16	4	0.194184	ac
tile	17	4	0.186871	ac
tile	18	4	0.194932	ac
tile	19	4	0.194404	ac
tile	20	4	0.189403	ac
quarter	0	0	0.169603	ac
quarter	1	0	0.427658	ac
quarter	2	0	0.276521	ac
quarter	3	0	0.228024	ac
quarter	4	0	0.208783	ac
quarter	5	0	0.191768	ac
quarter	6	0	0.180525	ac
quarter	7	0	0.176213	ac
quarter	8	0	0.167685	ac
quarter	9	0	0.169060	ac
quarter	10	0	0.174605	ac
quarter	11	0	0.172918	ac
quarter	12	0	0.165017	ac
quarter	13	0	0.174189	ac
quarter	14	0	0.174178	ac
quarter	15	0	0.166976	ac
quarter	16	0	0.174397	ac
quarter	17	0	0.173687	ac
quarter	18	0	0.166881	ac
quarter	19	0	0.175462	ac
quarter	20	0	0.174772	ac
quarter	0	1	0.173107	ac
quarter	1	1	0.431908	ac
quarter	2	1	0.278433	ac
quarter	3	1	0.228808	ac
quarter	4	1	0.208247	ac
quarter	5	1	0.193000	ac
quarter	6	1	0.179935	ac
quarter	7	1	0.175261	ac
quarter	8	1	0.171362	ac
quarter	9	1	0.173860	ac
quarter	10	1	0.167123	ac
quarter	11	1	0.173485	ac
quarter	12	1	0.173409	ac
quarter	13	1	0.167210	ac
quarter	14	1	0.173574	ac
quarter	15	1	0.174644	ac
quarter	16	1	0.166203	ac
quarter	17	1	0.174173	ac
quarter	18	1	0.174346	ac
quarter	19	1	0.170272	ac
quarter	20	1	0.171802	ac
quarter	0	2	0.174036	ac
quarter	1	2	0.431811	ac
quarter	2	2	0.280516	ac
quarter	3	2	0.230743	ac
quarter	4	2	0.207824	ac
quarter	5	2	0.192785	ac
quarter	6	2	0.181568	ac
quarter	7	2	0.174841	ac
quarter	8	2	0.169464	ac
quarter	9	2	0.175336	ac
quarter	10	2	0.172210	ac
quarter	11	2	0.166041	ac
quarter	12	2	0.174045	ac
quarter	13	2	0.173062	ac
quarter	14	2	0.167470	ac
quarter	15	2	0.173022	ac
quarter	16	2	0.173397	ac
quarter	17	2	0.170729	ac
quarter	18	2	0.171284	ac
quarter	19	2	0.172589	ac
quarter	20	2	0.174887	ac
quarter	0	3	0.166770	ac
quarter	1	3	0.427944	ac
quarter	2	3	0.277234	ac
quarter	3	3	0.229000	ac
quarter	4	3	0.208583	ac
quarter	5	3	0.192429	ac
quarter	6	3	0.183127	ac
quarter	7	3	0.173647	ac
quarter	8	3	0.170402	ac
quarter	9	3	0.167185	ac
quarter	10	3	0.173437	ac
quarter	11	3	0.172957	ac
quarter	12	3	0.167224	ac
quarter	13	3	0.173691	ac
quarter	14	3	0.174988	ac
quarter	15	3	0.167068	ac
quarter	16	3	0.172587	ac
quarter	17	3	0.173772	ac
quarter	18	3	0.173071	ac
quarter	19	3	0.167788	ac
quarter	20	3	0.176022	ac
quarter	0	4	0.174933	ac
quarter	1	4	0.429556	ac
quarter	2	4	0.278466	ac
quarter	3	4	0.228625	ac
quarter	4	4	0.209391	ac
quarter	5	4	0.192793	ac
quarter	6	4	0.181421	ac
quarter	7	4	0.175314	ac
quarter	8	4	0.170548	ac
quarter	9	4	0.173800	ac
quarter	10	4	0.167834	ac
quarter	11	4	0.173690	ac
quarter	12	4	0.173925	ac
quarter	13	4	0.166831	ac
quarter	14	4	0.174048	ac
quarter	15	4	0.172752	ac
quarter	16	4	0.171767	ac
quarter	17	4	0.170660	ac
quarter	18	4	0.174351	ac
quarter	19	4	0.167283	ac
quarter	20	4	0.166976	ac
