tile	0	0	0.194878	ac
tile	1	0	0.494738	ac
tile	2	0	0.322612	ac
tile	4	0	0.243452	ac
tile	6	0	0.216280	ac
tile	8	0	0.189246	ac
tile	10	0	0.187414	ac
tile	16	0	0.190210	ac
tile	20	0	0.191264	ac
tile	0	1	0.187539	ac
tile	1	1	0.482374	ac
tile	2	1	0.306863	ac
tile	4	1	0.236489	ac
tile	6	1	0.205654	ac
tile	8	1	0.188058	ac
tile	10	1	0.184781	ac
tile	16	1	0.186593	ac
tile	20	1	0.191205	ac
tile	0	2	0.192263	ac
tile	1	2	0.529179	ac
tile	2	2	0.331289	ac
tile	4	2	0.237863	ac
tile	6	2	0.203361	ac
tile	8	2	0.187260	ac
tile	10	2	0.190371	ac
tile	16	2	0.186539	ac
tile	20	2	0.189895	ac
tile	0	3	0.186220	ac
tile	1	3	0.466040	ac
tile	2	3	0.313511	ac
tile	4	3	0.230724	ac
tile	6	3	0.206124	ac
tile	8	3	0.186642	ac
tile	10	3	0.188670	ac
tile	16	3	0.191385	ac
tile	20	3	0.191238	ac
tile	0	4	0.187997	ac
tile	1	4	0.481377	ac
tile	2	4	0.305576	ac
tile	4	4	0.234118	ac
tile	6	4	0.201224	ac
tile	8	4	0.188401	ac
tile	10	4	0.190356	ac
tile	16	4	0.189171	ac
tile	20	4	0.190402	ac
quarter	0	0	0.168190	ac
quarter	1	0	0.423062	ac
quarter	2	0	0.270809	ac
quarter	4	0	0.203048	ac
quarter	6	0	0.177294	ac
quarter	8	0	0.166903	ac
quarter	10	0	0.167437	ac
quarter	16	0	0.169415	ac
quarter	20	0	0.168249	ac
quarter	0	1	0.167567	ac
quarter	1	1	0.414610	ac
quarter	2	1	0.271279	ac
quarter	4	1	0.200721	ac
quarter	6	1	0.177563	ac
quarter	8	1	0.163346	ac
quarter	10	1	0.166814	ac
quarter	16	1	0.163160	ac
quarter	20	1	0.173911	ac
quarter	0	2	0.164588	ac
quarter	1	2	0.437255	ac
quarter	2	2	0.276885	ac
quarter	4	2	0.202265	ac
quarter	6	2	0.177602	ac
quarter	8	2	0.165273	ac
quarter	10	2	0.165344	ac
quarter	16	2	0.165274	ac
quarter	20	2	0.164286	ac
quarter	0	3	0.167104	ac
quarter	1	3	0.466584	ac
quarter	2	3	0.294355	ac
quarter	4	3	0.220007	ac
quarter	6	3	0.191156	ac
quarter	8	3	0.186853	ac
quarter	10	3	0.179486	ac
quarter	16	3	0.192408	ac
quarter	20	3	0.181435	ac
quarter	0	4	0.164148	ac
quarter	1	4	0.433755	ac
quarter	2	4	0.285436	ac
quarter	4	4	0.218077	ac
quarter	6	4	0.178653	ac
quarter	8	4	0.164124	ac
quarter	10	4	0.161834	ac
quarter	16	4	0.162980	ac
quarter	20	4	0.164757	ac
