bho2017_5k_76949_outline_epsg4674	0	0	0.430635	ac
bho2017_5k_76949_outline_epsg4674	1	0	1.782944	ac
bho2017_5k_76949_outline_epsg4674	2	0	1.045297	ac
bho2017_5k_76949_outline_epsg4674	3	0	0.778123	ac
bho2017_5k_76949_outline_epsg4674	4	0	0.642230	ac
bho2017_5k_76949_outline_epsg4674	5	0	0.580813	ac
bho2017_5k_76949_outline_epsg4674	6	0	0.518119	ac
bho2017_5k_76949_outline_epsg4674	7	0	0.481767	ac
bho2017_5k_76949_outline_epsg4674	8	0	0.448595	ac
bho2017_5k_76949_outline_epsg4674	9	0	0.443053	ac
bho2017_5k_76949_outline_epsg4674	10	0	0.429319	ac
bho2017_5k_76949_outline_epsg4674	11	0	0.429817	ac
bho2017_5k_76949_outline_epsg4674	12	0	0.430750	ac
bho2017_5k_76949_outline_epsg4674	13	0	0.432549	ac
bho2017_5k_76949_outline_epsg4674	14	0	0.431966	ac
bho2017_5k_76949_outline_epsg4674	15	0	0.429089	ac
bho2017_5k_76949_outline_epsg4674	16	0	0.432358	ac
bho2017_5k_76949_outline_epsg4674	17	0	0.433812	ac
bho2017_5k_76949_outline_epsg4674	18	0	0.451315	ac
bho2017_5k_76949_outline_epsg4674	19	0	0.432131	ac
bho2017_5k_76949_outline_epsg4674	20	0	0.434951	ac
bho2017_5k_76949_outline_epsg4674	0	1	0.427122	ac
bho2017_5k_76949_outline_epsg4674	1	1	1.810256	ac
bho2017_5k_76949_outline_epsg4674	2	1	1.018389	ac
bho2017_5k_76949_outline_epsg4674	3	1	0.769681	ac
bho2017_5k_76949_outline_epsg4674	4	1	0.668584	ac
bho2017_5k_76949_outline_epsg4674	5	1	0.581441	ac
bho2017_5k_76949_outline_epsg4674	6	1	0.538293	ac
bho2017_5k_76949_outline_epsg4674	7	1	0.478743	ac
bho2017_5k_76949_outline_epsg4674	8	1	0.449476	ac
bho2017_5k_76949_outline_epsg4674	9	1	0.440135	ac
bho2017_5k_76949_outline_epsg4674	10	1	0.434178	ac
bho2017_5k_76949_outline_epsg4674	11	1	0.431146	ac
bho2017_5k_76949_outline_epsg4674	12	1	0.436160	ac
bho2017_5k_76949_outline_epsg4674	13	1	0.432824	ac
bho2017_5k_76949_outline_epsg4674	14	1	0.432404	ac
bho2017_5k_76949_outline_epsg4674	15	1	0.431504	ac
bho2017_5k_76949_outline_epsg4674	16	1	0.430743	ac
bho2017_5k_76949_outline_epsg4674	17	1	0.431268	ac
bho2017_5k_76949_outline_epsg4674	18	1	0.432874	ac
bho2017_5k_76949_outline_epsg4674	19	1	0.436127	ac
bho2017_5k_76949_outline_epsg4674	20	1	0.446462	ac
bho2017_5k_76949_outline_epsg4674	0	2	0.432379	ac
bho2017_5k_76949_outline_epsg4674	1	2	1.782629	ac
bho2017_5k_76949_outline_epsg4674	2	2	1.023112	ac
bho2017_5k_76949_outline_epsg4674	3	2	0.761038	ac
bho2017_5k_76949_outline_epsg4674	4	2	0.639253	ac
bho2017_5k_76949_outline_epsg4674	5	2	0.577904	ac
bho2017_5k_76949_outline_epsg4674	6	2	0.517540	ac
bho2017_5k_76949_outline_epsg4674	7	2	0.495659	ac
bho2017_5k_76949_outline_epsg4674	8	2	0.458915	ac
bho2017_5k_76949_outline_epsg4674	9	2	0.442139	ac
bho2017_5k_76949_outline_epsg4674	10	2	0.430669	ac
bho2017_5k_76949_outline_epsg4674	11	2	0.428368	ac
bho2017_5k_76949_outline_epsg4674	12	2	0.433134	ac
bho2017_5k_76949_outline_epsg4674	13	2	0.429263	ac
bho2017_5k_76949_outline_epsg4674	14	2	0.431734	ac
bho2017_5k_76949_outline_epsg4674	15	2	0.429518	ac
bho2017_5k_76949_outline_epsg4674	16	2	0.430241	ac
bho2017_5k_76949_outline_epsg4674	17	2	0.433176	ac
bho2017_5k_76949_outline_epsg4674	18	2	0.432456	ac
bho2017_5k_76949_outline_epsg4674	19	2	0.427347	ac
bho2017_5k_76949_outline_epsg4674	20	2	0.428430	ac
bho2017_5k_76949_outline_epsg4674	0	3	0.434424	ac
bho2017_5k_76949_outline_epsg4674	1	3	1.823207	ac
bho2017_5k_76949_outline_epsg4674	2	3	1.024216	ac
bho2017_5k_76949_outline_epsg4674	3	3	0.763927	ac
bho2017_5k_76949_outline_epsg4674	4	3	0.643389	ac
bho2017_5k_76949_outline_epsg4674	5	3	0.568454	ac
bho2017_5k_76949_outline_epsg4674	6	3	0.515944	ac
bho2017_5k_76949_outline_epsg4674	7	3	0.480462	ac
bho2017_5k_76949_outline_epsg4674	8	3	0.448330	ac
bho2017_5k_76949_outline_epsg4674	9	3	0.446650	ac
bho2017_5k_76949_outline_epsg4674	10	3	0.429622	ac
bho2017_5k_76949_outline_epsg4674	11	3	0.432760	ac
bho2017_5k_76949_outline_epsg4674	12	3	0.439663	ac
bho2017_5k_76949_outline_epsg4674	13	3	0.426209	ac
bho2017_5k_76949_outline_epsg4674	14	3	0.433123	ac
bho2017_5k_76949_outline_epsg4674	15	3	0.425808	ac
bho2017_5k_76949_outline_epsg4674	16	3	0.430720	ac
bho2017_5k_76949_outline_epsg4674	17	3	0.433069	ac
bho2017_5k_76949_outline_epsg4674	18	3	0.432051	ac
bho2017_5k_76949_outline_epsg4674	19	3	0.430285	ac
bho2017_5k_76949_outline_epsg4674	20	3	0.456119	ac
bho2017_5k_76949_outline_epsg4674	0	4	0.433146	ac
bho2017_5k_76949_outline_epsg4674	1	4	1.788147	ac
bho2017_5k_76949_outline_epsg4674	2	4	1.016127	ac
bho2017_5k_76949_outline_epsg4674	3	4	0.764814	ac
bho2017_5k_76949_outline_epsg4674	4	4	0.631698	ac
bho2017_5k_76949_outline_epsg4674	5	4	0.585472	ac
bho2017_5k_76949_outline_epsg4674	6	4	0.521587	ac
bho2017_5k_76949_outline_epsg4674	7	4	0.483139	ac
bho2017_5k_76949_outline_epsg4674	8	4	0.449618	ac
bho2017_5k_76949_outline_epsg4674	9	4	0.439827	ac
bho2017_5k_76949_outline_epsg4674	10	4	0.435694	ac
bho2017_5k_76949_outline_epsg4674	11	4	0.429633	ac
bho2017_5k_76949_outline_epsg4674	12	4	0.434349	ac
bho2017_5k_76949_outline_epsg4674	13	4	0.430380	ac
bho2017_5k_76949_outline_epsg4674	14	4	0.432497	ac
bho2017_5k_76949_outline_epsg4674	15	4	0.427537	ac
bho2017_5k_76949_outline_epsg4674	16	4	0.433266	ac
bho2017_5k_76949_outline_epsg4674	17	4	0.428014	ac
bho2017_5k_76949_outline_epsg4674	18	4	0.430770	ac
bho2017_5k_76949_outline_epsg4674	19	4	0.430890	ac
bho2017_5k_76949_outline_epsg4674	20	4	0.434364	ac
