tile	0	0	0.193056	battery
tile	1	0	0.514074	battery
tile	2	0	0.338404	battery
tile	3	0	0.269295	battery
tile	4	0	0.234571	battery
tile	5	0	0.216859	battery
tile	6	0	0.205014	battery
tile	7	0	0.193739	battery
tile	8	0	0.196113	battery
tile	9	0	0.187545	battery
tile	10	0	0.190474	battery
tile	11	0	0.188783	battery
tile	12	0	0.192189	battery
tile	13	0	0.189472	battery
tile	14	0	0.190661	battery
tile	15	0	0.198971	battery
tile	16	0	0.192165	battery
tile	17	0	0.191485	battery
tile	18	0	0.191803	battery
tile	19	0	0.190157	battery
tile	20	0	0.190284	battery
tile	0	1	0.195211	battery
tile	1	1	0.498796	battery
tile	2	1	0.318877	battery
tile	3	1	0.269387	battery
tile	4	1	0.235512	battery
tile	5	1	0.223272	battery
tile	6	1	0.207732	battery
tile	7	1	0.194104	battery
tile	8	1	0.190485	battery
tile	9	1	0.196558	battery
tile	10	1	0.195497	battery
tile	11	1	0.191265	battery
tile	12	1	0.196522	battery
tile	13	1	0.199817	battery
tile	14	1	0.232282	battery
tile	15	1	0.231518	battery
tile	16	1	0.221020	battery
tile	17	1	0.208195	battery
tile	18	1	0.220554	battery
tile	19	1	0.202419	battery
tile	20	1	0.208699	battery
tile	0	2	0.195020	battery
tile	1	2	0.543427	battery
tile	2	2	0.337227	battery
tile	3	2	0.276546	battery
tile	4	2	0.243694	battery
tile	5	2	0.229501	battery
tile	6	2	0.215642	battery
tile	7	2	0.200118	battery
tile	8	2	0.196201	battery
tile	9	2	0.204072	battery
tile	10	2	0.196343	battery
tile	11	2	0.190229	battery
tile	12	2	0.195354	battery
tile	13	2	0.189508	battery
tile	14	2	0.199904	battery
tile	15	2	0.196808	battery
tile	16	2	0.192877	battery
tile	17	2	0.195566	battery
tile	18	2	0.197955	battery
tile	19	2	0.199023	battery
tile	20	2	0.204600	battery
tile	0	3	0.195221	battery
tile	1	3	0.530327	battery
tile	2	3	0.351448	battery
tile	3	3	0.285040	battery
tile	4	3	0.239963	battery
tile	5	3	0.218451	battery
tile	6	3	0.210766	battery
tile	7	3	0.205436	battery
tile	8	3	0.197573	battery
tile	9	3	0.193377	battery
tile	10	3	0.198279	battery
tile	11	3	0.204122	battery
tile	12	3	0.200068	battery
tile	13	3	0.203013	battery
tile	14	3	0.211756	battery
tile	15	3	0.206943	battery
tile	16	3	0.317599	battery
tile	17	3	0.208856	battery
tile	18	3	0.198124	battery
tile	19	3	0.196055	battery
tile	20	3	0.192269	battery
tile	0	4	0.197590	battery
tile	1	4	0.511618	battery
tile	2	4	0.338867	battery
tile	3	4	0.271974	battery
tile	4	4	0.238491	battery
tile	5	4	0.218658	battery
tile	6	4	0.204637	battery
tile	7	4	0.198427	battery
tile	8	4	0.192971	battery
tile	9	4	0.190503	battery
tile	10	4	0.191898	battery
tile	11	4	0.195953	battery
tile	12	4	0.203355	battery
tile	13	4	0.192398	battery
tile	14	4	0.196314	battery
tile	15	4	0.192270	battery
tile	16	4	0.193914	battery
tile	17	4	0.191331	battery
tile	18	4	0.191352	battery
tile	19	4	0.210556	battery
tile	20	4	0.207035	battery
quarter	0	0	0.171025	battery
quarter	1	0	0.462839	battery
quarter	2	0	0.290952	battery
quarter	3	0	0.244744	battery
quarter	4	0	0.211618	battery
quarter	5	0	0.193813	battery
quarter	6	0	0.178471	battery
quarter	7	0	0.172916	battery
quarter	8	0	0.171184	battery
quarter	9	0	0.167222	battery
quarter	10	0	0.178198	battery
quarter	11	0	0.169682	battery
quarter	12	0	0.174401	battery
quarter	13	0	0.171576	battery
quarter	14	0	0.168482	battery
quarter	15	0	0.170558	battery
quarter	16	0	0.166452	battery
quarter	17	0	0.174481	battery
quarter	18	0	0.165412	battery
quarter	19	0	0.168925	battery
quarter	20	0	0.172177	battery
quarter	0	1	0.169567	battery
quarter	1	1	0.480373	battery
quarter	2	1	0.299654	battery
quarter	3	1	0.241754	battery
quarter	4	1	0.209559	battery
quarter	5	1	0.189815	battery
quarter	6	1	0.180773	battery
quarter	7	1	0.176382	battery
quarter	8	1	0.168929	battery
quarter	9	1	0.177336	battery
quarter	10	1	0.166589	battery
quarter	11	1	0.172589	battery
quarter	12	1	0.166017	battery
quarter	13	1	0.170078	battery
quarter	14	1	0.170081	battery
quarter	15	1	0.172598	battery
quarter	16	1	0.170906	battery
quarter	17	1	0.168785	battery
quarter	18	1	0.170794	battery
quarter	19	1	0.166645	battery
quarter	20	1	0.167156	battery
quarter	0	2	0.166261	battery
quarter	1	2	0.461135	battery
quarter	2	2	0.292516	battery
quarter	3	2	0.236351	battery
quarter	4	2	0.206997	battery
quarter	5	2	0.189340	battery
quarter	6	2	0.178017	battery
quarter	7	2	0.169701	battery
quarter	8	2	0.171454	battery
quarter	9	2	0.166249	battery
quarter	10	2	0.164550	battery
quarter	11	2	0.166751	battery
quarter	12	2	0.167465	battery
quarter	13	2	0.164170	battery
quarter	14	2	0.164587	battery
quarter	15	2	0.164275	battery
quarter	16	2	0.166431	battery
quarter	17	2	0.167198	battery
quarter	18	2	0.169757	battery
quarter	19	2	0.166545	battery
quarter	20	2	0.164722	battery
quarter	0	3	0.170641	battery
quarter	1	3	0.459493	battery
quarter	2	3	0.288368	battery
quarter	3	3	0.234556	battery
quarter	4	3	0.206225	battery
quarter	5	3	0.192416	battery
quarter	6	3	0.177503	battery
quarter	7	3	0.171184	battery
quarter	8	3	0.170544	battery
quarter	9	3	0.166480	battery
quarter	10	3	0.171969	battery
quarter	11	3	0.166385	battery
quarter	12	3	0.163910	battery
quarter	13	3	0.181351	battery
quarter	14	3	0.176451	battery
quarter	15	3	0.174353	battery
quarter	16	3	0.182767	battery
quarter	17	3	0.176394	battery
quarter	18	3	0.179872	battery
quarter	19	3	0.166210	battery
quarter	20	3	0.171700	battery
quarter	0	4	0.168352	battery
quarter	1	4	0.469445	battery
quarter	2	4	0.305437	battery
quarter	3	4	0.234977	battery
quarter	4	4	0.207738	battery
quarter	5	4	0.190771	battery
quarter	6	4	0.180448	battery
quarter	7	4	0.177660	battery
quarter	8	4	0.177073	battery
quarter	9	4	0.173417	battery
quarter	10	4	0.171587	battery
quarter	11	4	0.169955	battery
quarter	12	4	0.170927	battery
quarter	13	4	0.167304	battery
quarter	14	4	0.172421	battery
quarter	15	4	0.170443	battery
quarter	16	4	0.167770	battery
quarter	17	4	0.167510	battery
quarter	18	4	0.167697	battery
quarter	19	4	0.168633	battery
quarter	20	4	0.166636	battery
