t,resident_bytes,footprint_bytes,swap_gb
1790947994.903,23281664,14090744,17.588
1790947995.167,70467584,50807336,
1790947995.427,116998144,90014272,
1790947995.687,1839284224,1815643912,
1790947995.941,3136307200,3113274104,17.588
1790947996.203,3549659136,3526822936,
1790947996.456,3991502848,3968896360,
1790947996.708,4478730240,4456353464,
1790947996.968,5024169984,5002072144,17.588
1790947997.231,7143194624,7122081264,
1790947997.499,10707288064,10688012472,
1790947997.758,10729668608,10710409424,
1790947998.015,10729668608,10710409424,17.581
1790947998.291,10729668608,10710409424,
1790947998.549,10748149760,10728890600,
1790947998.807,12120850432,12102264096,
1790947999.061,13614874624,13597108688,17.581
1790947999.400,12268421120,14141369120,
1790947999.661,11361468416,14933159216,
1790947999.917,10298900480,15669145456,
1790948000.172,9123037184,16211374344,17.581
1790948000.502,7044628480,16430510512,
1790948000.755,5560483840,16629821992,
1790948001.011,4632657920,16877744872,
1790948001.262,4220010496,17063932744,17.581
1790948001.546,3928768512,17320670192,
1790948001.804,3961651200,17628067064,
1790948002.065,4934434816,15135419984,
1790948002.325,6878232576,15366909664,17.581
1790948002.602,4045602816,9784828640,
1790948002.873,5248925696,10005947248,
1790948003.129,5248925696,10005947248,
1790948003.388,5248942080,10005947248,17.581
1790948003.657,5248942080,10005947248,
1790948003.924,5673091072,10055803784,
1790948004.175,9064660992,12989082568,
1790948004.433,8484093952,12237122144,17.581
1790948004.701,5571739648,9207980144,
1790948004.958,5571739648,9207980144,
1790948005.217,5571739648,9207980144,
1790948005.476,5571739648,9207980144,17.581
1790948005.753,5597429760,9217089672,
1790948006.016,10133438464,13478455976,
1790948006.274,10546364416,13692464216,
1790948006.534,6996000768,10054886256,17.581
1790948006.818,6996000768,10054886256,
1790948007.075,6996000768,10054886256,
1790948007.334,6996000768,10054886256,
1790948007.594,7651819520,10521289872,17.581
1790948007.882,11500584960,14161783920,
1790948008.147,6712967168,9193267240,
1790948008.415,6712967168,9193267240,
1790948008.677,6712967168,9193267240,17.581
1790948008.996,6712967168,9193267240,
1790948009.250,6748618752,9214435368,
1790948009.509,10334388224,12522825664,
1790948009.762,12645253120,14745283888,17.581
1790948010.040,7682129920,9584796072,
1790948010.296,7682129920,9584796072,
1790948010.554,7682129920,9584796072,
1790948010.814,7682129920,9584796072,17.581
1790948011.125,9153855488,10909328504,
1790948011.376,11499716608,13053749544,
1790948011.630,7859519488,9184288664,
1790948011.888,7932379136,9257164720,17.581
1790948012.294,7932379136,9257164720,
1790948012.554,7932379136,9257164720,
1790948012.815,8340160512,9621905544,
1790948013.075,12935528448,13969156968,17.581
1790948013.351,13209190400,14028746080,
1790948013.611,8574189568,9321554200,
1790948013.872,8574189568,9321554200,
1790948014.132,8507228160,9227346128,17.581
1790948014.396,8399667200,9018204176,
1790948014.651,8809349120,9312690336,
1790948014.911,8828567552,9238847528,
1790948015.172,9701392384,10101858992,17.581
1790948015.435,9719562240,10119832240,
1790948015.699,9727606784,10127876784,
1790948015.962,9728819200,10128958128,
1790948016.217,9728966656,10129105584,17.581
1790948016.495,9473966080,9873940952,
1790948016.755,9482665984,9882640856,
1790948017.011,9489268736,9889243608,
1790948017.266,9496313856,9896288728,17.581
1790948017.598,9488089088,9888047552,
1790948017.858,9498214400,9898172864,
1790948018.120,9506930688,9906889152,
1790948018.387,9512730624,9912689088,17.581
1790948018.672,9522659328,9922617792,
1790948018.932,9548333056,9948275112,
1790948019.192,9557327872,9957269928,
1790948019.452,5391761408,5631710272,17.581
1790948019.719,4670996480,4828270864,
1790948019.979,4868079616,4976382320,
1790948020.239,5080039424,5168026136,
1790948020.492,5209260032,5263413880,17.581
1790948020.757,5368102912,5414261464,
1790948021.013,5506187264,5552296784,
1790948021.273,5625872384,5672178608,
1790948021.530,5771771904,5817340920,17.581
1790948021.794,5956239360,6002709664,
1790948022.054,6094094336,6140646680,
1790948022.312,6326124544,6372808152,
1790948022.566,6589153280,6636000968,17.581
1790948022.823,6781960192,6828922736,
1790948023.083,6908968960,6955210704,
1790948023.343,7130644480,7177803920,
1790948023.596,7307264000,7354521888,17.581
1790948023.860,7493468160,7537940912,
1790948024.117,7577976832,7625382392,
1790948024.378,7728889856,7776377456,
1790948024.633,7949205504,7994448664,17.581
1790948024.897,8201322496,8247122952,
1790948025.151,8323776512,8369085496,
1790948025.405,8477130752,8525012144,
1790948025.659,8630337536,8678300968,17.581
1790948025.917,8841723904,8889425384,
1790948026.172,9003810816,9051987576,
1790948026.432,9186312192,9234603784,
1790948026.691,9310617600,9358974824,17.581
1790948026.954,9409888256,9458294704,
1790948027.215,9549824000,9598312488,
1790948027.475,9642524672,9691078792,
1790948027.735,9811492864,9860145432,17.581
1790948027.999,9897295872,9945604448,
1790948028.260,10046914560,10095698392,
1790948028.513,10133504000,10179977760,
1790948028.773,10194681856,10242761296,17.581
1790948029.031,10283171840,10331562648,
1790948029.291,10316267520,10365199024,
1790948029.551,10342481920,10388169296,
1790948029.811,10464378880,10510115480,17.581
1790948030.074,10512760832,10558513840,
1790948030.335,10628923392,10674725624,
1790948030.593,10709565440,10755400488,
1790948030.853,10780229632,10826064680,17.581
1790948031.116,10836344832,10882179880,
1790948031.376,10876370944,10922205992,
1790948031.636,11141562368,11187545088,
1790948031.894,11221876736,11267892272,17.581
1790948032.151,11250401280,11296416816,
1790948032.411,11300814848,11346830384,
1790948032.671,11385913344,11431928880,
1790948032.931,11467096064,11513111600,17.581
1790948033.192,11579916288,11625981048,
1790948033.443,11579916288,11625981048,
1790948033.701,11741970432,11788084416,
1790948033.961,11785601024,11831747824,17.581
1790948034.225,11847876608,11894039816,
1790948034.485,11907629056,11953825080,
1790948034.741,12058722304,12104983960,
1790948035.001,12058722304,12104983960,17.581
1790948035.265,12079890432,12126168496,
1790948035.525,12114378752,12160673224,
1790948035.782,12114378752,12160673224,
1790948036.038,12114378752,12160673224,17.581
1790948036.299,9855303680,9396232040,
1790948036.560,9971957760,7457906584,
1790948036.817,9971957760,7457906584,
1790948037.079,9971957760,7457906584,17.581
1790948037.431,9971957760,7457906584,
1790948037.684,9971957760,7457906584,
1790948037.937,9971957760,7457906584,
1790948038.193,9971957760,7457906584,17.581
1790948038.470,9971957760,7457906584,
1790948038.730,9971957760,7457906584,
1790948038.982,9971957760,7457906584,
1790948039.245,9971957760,7457906584,17.581
1790948039.558,9971957760,7457906584,
1790948039.813,9971957760,7457906584,
1790948040.073,9971957760,7457906584,
1790948040.332,9971957760,7457906584,17.581
1790948040.636,10204954624,7691051120,
1790948040.899,10208608256,7694704752,
1790948041.159,10210213888,7696310384,
1790948041.415,10210213888,7696310384,17.581
1790948041.672,10210213888,7696310384,
1790948041.932,10245521408,7731634336,
1790948042.193,10282467328,7770513568,
1790948042.453,10282516480,7770513568,17.581
1790948042.716,10351509504,0,
