quarter	0	0	0.238149	battery
quarter	1	0	0.464229	battery
quarter	2	0	0.334424	battery
quarter	4	0	0.276165	battery
quarter	6	0	0.241329	battery
quarter	8	0	0.230470	battery
quarter	10	0	0.241540	battery
quarter	12	0	0.238213	battery
quarter	16	0	0.241120	battery
quarter	20	0	0.235054	battery
quarter	0	1	0.239837	battery
quarter	1	1	0.463626	battery
quarter	2	1	0.334267	battery
quarter	4	1	0.269896	battery
quarter	6	1	0.240825	battery
quarter	8	1	0.232145	battery
quarter	10	1	0.249413	battery
quarter	12	1	0.239442	battery
quarter	16	1	0.230285	battery
quarter	20	1	0.236204	battery
quarter	0	2	0.240615	battery
quarter	1	2	0.466478	battery
quarter	2	2	0.337431	battery
quarter	4	2	0.269493	battery
quarter	6	2	0.251845	battery
quarter	8	2	0.231956	battery
quarter	10	2	0.246728	battery
quarter	12	2	0.238936	battery
quarter	16	2	0.232863	battery
quarter	20	2	0.227131	battery
quarter	0	3	0.242317	battery
quarter	1	3	0.467371	battery
quarter	2	3	0.335420	battery
quarter	4	3	0.269319	battery
quarter	6	3	0.242405	battery
quarter	8	3	0.232472	battery
quarter	10	3	0.241090	battery
quarter	12	3	0.239928	battery
quarter	16	3	0.229365	battery
quarter	20	3	0.232811	battery
quarter	0	4	0.233192	battery
quarter	1	4	0.466176	battery
quarter	2	4	0.338617	battery
quarter	4	4	0.270899	battery
quarter	6	4	0.241555	battery
quarter	8	4	0.231848	battery
quarter	10	4	0.239570	battery
quarter	12	4	0.243907	battery
quarter	16	4	0.230588	battery
quarter	20	4	0.236879	battery
